SpatialDimValueCode,Period,FactValueNumeric_alcohol,FactValueNumeric
AFG,2019,0.013,5.96
BEN,2019,5.19,12.71
ALB,2019,4.38,3.72
KGZ,2019,4.44,8.28
KHM,2019,4.5,5.49
CUB,2019,4.75,10.19
CHN,2019,4.78,6.67
MEX,2019,4.78,5.29
NAM,2019,5.04,13.51
PHL,2019,5.02,2.54
TZA,2019,5.09,8.15
GUY,2019,5.16,40.85
COL,2019,4.19,3.74
URY,2019,5.16,18.83
AGO,2019,5.28,12.55
BIH,2019,5.33,8.25
PRY,2019,5.29,6.16
CPV,2019,5.47,15.23
UKR,2019,5.53,17.73
COG,2019,5.6,11.62
DOM,2019,5.62,5.11
PER,2019,5.66,2.73
STP,2019,4.17,2.2
ARM,2019,4.08,2.66
NOR,2019,6.02,9.91
CRI,2019,3.19,7.62
SLV,2019,2.92,6.11
NGA,2019,2.95,6.87
TKM,2019,2.86,6.07
BOL,2019,2.98,6.82
ECU,2019,2.98,7.68
FJI,2019,3.05,9.51
HTI,2019,3.03,11.17
IND,2019,2.98,12.91
BDI,2019,3.1,12.12
ZMB,2019,3.25,14.43
MKD,2019,4.04,7.15
GNB,2019,3.29,12.38
PRK,2019,3.37,8.2
VNM,2019,3.42,7.22
JAM,2019,3.48,2.28
LSO,2019,3.48,87.48
MLI,2019,3.53,7.96
NIC,2019,3.73,4.66
KAZ,2019,3.86,18.05
CMR,2019,4.05,15.92
BLZ,2019,5.93,7.65
GNQ,2019,6.19,13.51
LBR,2019,2.84,7.37
USA,2019,8.93,14.51
ISL,2019,7.66,11.15
KOR,2019,7.76,21.16
CYP,2019,7.93,3.18
CAN,2019,8.08,10.34
FIN,2019,8.32,13.43
NLD,2019,8.29,9.27
GRD,2019,8.46,0.64
MLT,2019,9.04,5.32
ITA,2019,7.59,4.33
NZL,2019,9.12,10.3
BEL,2019,9.22,13.93
DNK,2019,9.23,7.63
CHE,2019,9.25,9.83
AUS,2019,9.5,11.25
BHS,2019,9.46,3.37
GBR,2019,9.84,6.88
MNE,2019,9.91,16.22
BGD,2019,0.004,3.85
VCT,2019,7.61,1.01
GEO,2019,7.64,7.65
BRA,2019,6.32,6.41
THA,2019,6.68,7.95
PAN,2019,6.28,2.86
MDA,2019,6.34,12.17
SUR,2019,6.26,25.89
CHL,2019,6.39,8.04
JPN,2019,6.44,12.24
GAB,2019,6.6,13.11
GRC,2019,6.62,3.62
UGA,2019,6.57,10.45
MUS,2019,6.98,8.75
ARG,2019,7.64,8.14
SWZ,2019,7.13,40.46
RUS,2019,7.11,21.6
SWE,2019,7.12,12.37
BFA,2019,7.22,14.38
MNG,2019,7.19,18.02
BWA,2019,7.43,20.22
LAO,2019,7.4,5.98
ZAF,2019,7.35,23.49
SRB,2019,7.45,7.86
ZWE,2019,2.78,23.63
TTO,2019,5.68,8.28
HND,2019,2.78,2.58
ERI,2019,0.88,17.26
TCD,2019,0.53,13.22
MAR,2019,0.47,7.29
OMN,2019,0.47,4.47
DZA,2019,0.57,2.6
BRN,2019,0.66,2.54
MDG,2019,0.71,9.18
MYS,2019,0.67,5.77
NPL,2019,0.8,9.77
AZE,2019,0.88,3.97
GMB,2019,0.86,9.64
TON,2019,0.3,4.37
TJK,2019,0.86,5.32
QAT,2019,0.98,4.66
TGO,2019,1.02,14.81
COD,2019,1.08,12.41
LBN,2019,1.17,2.76
PNG,2019,1.2,3.57
SLB,2019,1.15,17.37
MDV,2019,1.31,2.76
KIR,2019,0.39,30.56
TLS,2019,0.32,4.53
TUR,2019,1.27,2.34
IDN,2019,0.08,2.55
VEN,2019,2.71,2.1
LBY,2019,0.008,4.49
MRT,2019,0.0,5.47
SAU,2019,0.0,5.43
SOM,2019,0.0,14.66
SDN,2019,0.003,4.76
YEM,2019,0.018,7.06
BTN,2019,0.066,5.07
EGY,2019,0.15,3.41
IRN,2019,0.11,5.13
SEN,2019,0.31,10.99
NER,2019,0.09,10.15
PAK,2019,0.059,9.77
SYR,2019,0.14,2.11
COM,2019,0.18,8.46
IRQ,2019,0.16,4.74
SLE,2019,0.19,11.25
DJI,2019,0.27,11.95
GIN,2019,0.33,12.33
JOR,2019,0.29,1.98
RWA,2019,1.35,9.45
KWT,2019,0.0,2.66
CAF,2019,1.44,22.96
EST,2019,11.85,11.96
LTU,2019,10.97,20.15
DEU,2019,11.11,8.27
IRL,2019,11.07,8.9
ATG,2019,11.24,0.32
LUX,2019,11.28,8.62
BGR,2019,11.39,6.5
FRA,2019,11.46,9.65
AUT,2019,11.7,10.4
ESP,2019,10.67,5.28
CZE,2019,12.91,9.48
LVA,2019,12.9,16.06
SYC,2019,13.27,7.73
ARE,2019,2.1,5.24
KEN,2019,2.3,11.01
ISR,2019,2.56,5.15
LKA,2019,2.56,12.89
BHR,2019,1.45,7.2
HUN,2019,11.0,11.77
UZB,2019,2.55,8.28
ROU,2019,10.65,7.33
GHA,2019,1.88,10.54
POL,2019,10.72,9.3
MOZ,2019,1.48,23.19
GTM,2019,1.62,6.23
FSM,2019,1.58,28.99
TUN,2019,1.59,3.18
VUT,2019,1.66,20.96
MWI,2019,1.75,10.58
SGP,2019,1.82,9.65
CIV,2019,1.93,15.66
ETH,2019,1.85,9.45
MMR,2019,1.93,2.96
BRB,2019,10.03,0.31
SVN,2019,10.39,13.97
BLR,2019,10.14,16.49
HRV,2019,10.14,11.01
PRT,2019,10.24,7.22
LCA,2019,10.23,6.85
SVK,2019,10.33,9.31
WSM,2019,1.91,14.6
CHN,2018,4.78,6.81
PHL,2018,5.02,2.58
NAM,2018,5.04,13.74
MEX,2018,4.78,5.36
ALB,2018,4.38,3.94
CUB,2018,4.75,10.17
KHM,2018,4.5,5.59
KGZ,2018,4.44,8.92
BEN,2018,5.19,12.97
TZA,2018,5.09,8.04
PER,2018,5.66,2.74
GUY,2018,5.16,40.41
URY,2018,5.16,18.85
AGO,2018,5.28,12.35
BIH,2018,5.33,8.18
PRY,2018,5.29,6.1
CPV,2018,5.47,15.96
UKR,2018,5.53,17.99
COG,2018,5.6,11.63
DOM,2018,5.62,5.49
STP,2018,4.17,2.17
SLV,2018,2.92,6.07
PRK,2018,3.37,8.19
COL,2018,4.19,3.87
CRI,2018,3.19,6.79
BLZ,2018,5.93,7.16
NGA,2018,2.95,6.95
TKM,2018,2.86,6.09
BOL,2018,2.98,6.97
ECU,2018,2.98,8.12
FJI,2018,3.05,9.72
HTI,2018,3.03,11.37
IND,2018,2.98,12.88
BDI,2018,3.1,12.31
ZMB,2018,3.25,15.9
ARM,2018,4.08,1.65
GNB,2018,3.29,12.9
VNM,2018,3.42,7.37
JAM,2018,3.48,2.21
LSO,2018,3.48,93.07
MLI,2018,3.53,7.98
NIC,2018,3.73,5.04
KAZ,2018,3.86,19.41
CMR,2018,4.05,15.93
MKD,2018,4.04,7.22
TTO,2018,5.68,8.5
ARG,2018,7.64,8.99
NOR,2018,6.02,10.13
USA,2018,8.93,14.09
ISL,2018,7.66,10.12
KOR,2018,7.76,21.27
CYP,2018,7.93,3.64
CAN,2018,8.08,10.5
FIN,2018,8.32,14.41
NLD,2018,8.29,9.09
GRD,2018,8.46,0.35
MLT,2018,9.04,5.28
VCT,2018,7.61,1.03
NZL,2018,9.12,10.66
BEL,2018,9.22,14.32
DNK,2018,9.23,8.18
CHE,2018,9.25,9.88
AUS,2018,9.5,11.26
BHS,2018,9.46,3.4
GBR,2018,9.84,7.08
MNE,2018,9.87,16.45
LBR,2018,2.84,7.42
SRB,2018,7.62,7.86
ITA,2018,7.59,4.42
GNQ,2018,6.19,14.06
UGA,2018,6.57,10.25
BRA,2018,6.32,6.51
PAN,2018,6.28,2.92
MDA,2018,6.34,11.88
SUR,2018,6.26,26.23
CHL,2018,6.39,7.96
JPN,2018,6.44,13.37
GAB,2018,6.6,13.56
GRC,2018,6.62,3.65
THA,2018,6.68,7.9
GEO,2018,7.64,7.85
MUS,2018,6.98,8.19
SWZ,2018,7.13,40.13
RUS,2018,7.11,23.4
SWE,2018,7.12,12.69
BFA,2018,7.22,14.68
MNG,2018,7.19,18.67
BWA,2018,7.43,22.06
LAO,2018,7.4,6.18
ZAF,2018,7.35,24.39
ZWE,2018,2.78,23.87
TUR,2018,1.27,2.25
HND,2018,2.78,2.6
RWA,2018,1.35,9.52
TON,2018,0.3,4.57
KIR,2018,0.39,30.27
TCD,2018,0.53,13.57
MAR,2018,0.47,7.3
OMN,2018,0.47,4.37
DZA,2018,0.57,2.58
BRN,2018,0.66,3.04
MDG,2018,0.71,9.24
MYS,2018,0.67,5.58
NPL,2018,0.8,9.69
AZE,2018,0.88,3.92
ERI,2018,0.88,17.84
GMB,2018,0.86,9.62
TJK,2018,0.86,5.29
QAT,2018,0.98,4.61
TGO,2018,1.02,14.88
COD,2018,1.08,12.39
LBN,2018,1.17,2.53
PNG,2018,1.2,3.51
SLB,2018,1.15,17.74
TLS,2018,0.32,4.46
SEN,2018,0.31,11.16
JOR,2018,0.29,1.94
BTN,2018,0.066,5.11
VEN,2018,2.71,2.21
BGD,2018,0.004,3.75
KWT,2018,0.0,2.56
LBY,2018,0.008,5.7
MRT,2018,0.0,5.42
SAU,2018,0.0,5.57
SOM,2018,0.0,14.81
SDN,2018,0.003,4.81
YEM,2018,0.018,7.09
EGY,2018,0.15,3.37
GIN,2018,0.33,12.24
IDN,2018,0.08,2.56
IRN,2018,0.11,5.49
NER,2018,0.09,10.13
PAK,2018,0.059,9.79
SYR,2018,0.14,2.1
COM,2018,0.18,8.48
IRQ,2018,0.16,4.88
SLE,2018,0.19,11.2
DJI,2018,0.27,12.17
MDV,2018,1.31,2.92
AFG,2018,0.013,5.91
AUT,2018,11.7,11.19
EST,2018,11.85,11.56
HUN,2018,11.0,12.58
LTU,2018,10.97,21.08
DEU,2018,11.11,8.46
IRL,2018,11.07,9.17
ATG,2018,11.24,0.32
LUX,2018,11.28,8.03
BGR,2018,11.39,6.6
FRA,2018,11.46,10.05
ROU,2018,10.65,7.71
CZE,2018,12.91,10.83
LVA,2018,12.9,14.29
SYC,2018,13.27,7.87
ARE,2018,2.1,5.01
KEN,2018,2.3,11.03
ISR,2018,2.56,5.26
LKA,2018,2.56,13.24
UZB,2018,2.55,8.73
ESP,2018,10.67,5.38
CAF,2018,1.44,23.65
POL,2018,10.72,10.4
CIV,2018,1.93,15.93
SVN,2018,10.39,12.79
BHR,2018,1.45,7.04
MOZ,2018,1.48,23.19
GTM,2018,1.62,6.31
FSM,2018,1.58,29.07
TUN,2018,1.59,3.09
ETH,2018,1.85,9.54
MWI,2018,1.75,11.04
SGP,2018,1.82,7.76
VUT,2018,1.66,21.09
GHA,2018,1.88,10.79
BLR,2018,10.14,17.94
LCA,2018,10.23,7.06
PRT,2018,10.24,7.5
HRV,2018,10.14,11.1
SVK,2018,10.33,9.43
BRB,2018,10.03,0.31
WSM,2018,1.91,14.8
MMR,2018,1.93,2.96
TZA,2017,5.33,8.15
MEX,2017,4.59,5.89
CUB,2017,4.68,10.53
BEN,2017,4.94,13.11
KGZ,2017,4.87,9.23
PHL,2017,4.88,2.63
GUY,2017,5.22,39.86
NAM,2017,5.2,15.22
PRY,2017,5.21,6.13
URY,2017,5.24,18.54
BIH,2017,5.27,8.07
NOR,2017,6.02,10.38
CPV,2017,5.44,16.16
CHN,2017,5.54,6.89
DOM,2017,5.53,6.02
UKR,2017,5.52,16.94
TTO,2017,5.63,8.96
COG,2017,5.7,11.89
PER,2017,5.73,2.74
AGO,2017,5.76,12.36
SUR,2017,5.91,25.37
ALB,2017,4.4,4.11
LBR,2017,2.87,7.56
NGA,2017,3.01,7.06
STP,2017,4.26,2.19
PRK,2017,3.43,8.65
BLZ,2017,6.17,7.71
TKM,2017,2.98,6.23
BOL,2017,3.05,7.17
BDI,2017,3.12,12.46
HTI,2017,3.07,11.45
LSO,2017,3.08,96.29
ZMB,2017,3.22,16.67
CRI,2017,3.28,5.79
GNB,2017,3.33,13.09
JAM,2017,3.42,2.19
COL,2017,4.27,4.5
VEN,2017,3.37,2.24
VNM,2017,3.37,7.5
MLI,2017,3.56,8.04
KAZ,2017,3.81,21.19
NIC,2017,3.8,4.73
ARM,2017,3.95,2.43
MKD,2017,3.9,7.23
CMR,2017,4.07,16.15
KHM,2017,4.22,5.64
CHL,2017,6.14,8.39
MNG,2017,7.72,19.11
PAN,2017,6.24,3.21
NZL,2017,9.07,12.14
KOR,2017,7.85,19.31
CAN,2017,8.13,11.68
GRD,2017,8.32,0.67
NLD,2017,8.31,9.61
FIN,2017,8.39,14.4
MLT,2017,8.94,4.83
USA,2017,8.91,14.41
CHE,2017,9.2,10.37
MDA,2017,6.25,12.44
BEL,2017,9.31,14.59
DNK,2017,9.32,8.28
BHS,2017,9.42,3.28
MNE,2017,9.56,16.27
AUS,2017,9.6,11.79
LCA,2017,9.68,7.06
GBR,2017,9.78,7.24
BLR,2017,9.86,18.46
SVK,2017,9.88,9.55
CYP,2017,7.93,3.28
ARG,2017,7.94,8.69
VCT,2017,7.68,0.0
ISL,2017,7.65,11.66
BRA,2017,6.41,6.19
GNQ,2017,6.44,13.16
JPN,2017,6.48,13.51
GRC,2017,6.78,3.79
THA,2017,6.77,7.49
BWA,2017,6.86,22.32
GAB,2017,6.96,13.85
MUS,2017,6.96,9.59
UGA,2017,6.95,10.34
SWZ,2017,7.07,42.91
GEO,2017,7.08,8.07
SWE,2017,7.13,12.5
BFA,2017,7.15,14.85
LAO,2017,7.17,6.2
ZAF,2017,7.3,25.84
ITA,2017,7.43,4.84
RUS,2017,7.37,24.41
SRB,2017,7.4,0.33
ECU,2017,3.02,9.26
TUR,2017,1.28,2.26
IND,2017,2.93,12.48
NPL,2017,0.78,9.63
MAR,2017,0.42,7.27
TLS,2017,0.37,4.4
AZE,2017,0.53,3.91
OMN,2017,0.46,4.53
DZA,2017,0.57,2.54
TCD,2017,0.58,13.77
MYS,2017,0.65,5.57
BRN,2017,0.66,3.25
MDG,2017,0.71,9.33
ERI,2017,0.89,18.0
SEN,2017,0.3,11.37
RWA,2017,0.93,9.62
TJK,2017,0.88,5.29
QAT,2017,1.0,4.61
COD,2017,1.13,12.04
GMB,2017,1.06,9.83
SLB,2017,1.09,17.81
TGO,2017,1.08,15.4
LBN,2017,1.2,2.99
TON,2017,0.31,4.78
JOR,2017,0.31,1.87
PNG,2017,1.25,3.5
BTN,2017,0.066,5.14
FJI,2017,2.79,9.91
BGD,2017,0.004,3.68
KWT,2017,0.0,2.5
LBY,2017,0.007,5.48
MRT,2017,0.0,5.38
SAU,2017,0.0,5.74
SOM,2017,0.0,14.87
SDN,2017,0.001,4.8
YEM,2017,0.018,6.86
IDN,2017,0.081,2.58
GIN,2017,0.33,12.47
NER,2017,0.11,10.15
PAK,2017,0.058,9.98
COM,2017,0.18,8.58
EGY,2017,0.15,3.39
IRN,2017,0.16,5.8
IRQ,2017,0.16,5.17
SLE,2017,0.18,10.94
SYR,2017,0.15,1.98
DJI,2017,0.32,12.32
MDV,2017,1.23,3.11
KIR,2017,0.4,31.51
AFG,2017,0.014,5.95
HUN,2017,11.15,12.62
IRL,2017,11.19,9.33
BGR,2017,11.31,6.65
LUX,2017,11.33,7.53
LTU,2017,11.48,23.49
AUT,2017,11.63,10.77
FRA,2017,11.56,10.4
LVA,2017,12.37,17.14
CZE,2017,12.87,11.2
EST,2017,13.17,15.17
SYC,2017,13.8,7.93
ARE,2017,2.15,4.78
KEN,2017,2.29,10.6
ISR,2017,2.52,4.96
UZB,2017,2.54,8.92
LKA,2017,2.59,13.67
HND,2017,2.68,2.71
ZWE,2017,2.68,25.85
MOZ,2017,1.43,23.09
DEU,2017,11.11,8.34
SLV,2017,2.8,6.16
ATG,2017,10.87,0.0
CIV,2017,1.86,16.37
CAF,2017,1.46,25.73
VUT,2017,1.54,21.09
GTM,2017,1.61,6.01
FSM,2017,1.58,28.68
TUN,2017,1.6,3.01
ETH,2017,1.67,9.63
MWI,2017,1.68,11.67
MMR,2017,1.74,3.1
SGP,2017,1.83,7.25
BHR,2017,1.52,6.73
GHA,2017,1.89,11.31
BRB,2017,10.05,0.32
HRV,2017,10.24,10.87
PRT,2017,10.22,7.86
ROU,2017,10.22,7.83
SVN,2017,10.21,14.29
POL,2017,10.54,11.06
ESP,2017,10.68,5.77
WSM,2017,1.89,14.75
PRY,2016,5.12,5.64
CPV,2016,5.29,16.53
NAM,2016,5.2,14.92
KGZ,2016,5.19,9.58
VEN,2016,4.57,2.29
BIH,2016,5.08,8.13
BEN,2016,4.76,13.27
PHL,2016,4.73,2.67
GUY,2016,5.33,39.65
COG,2016,5.33,12.29
TTO,2016,5.74,9.23
SUR,2016,5.44,25.47
DOM,2016,5.46,6.77
URY,2016,5.56,18.7
PER,2016,5.74,2.66
UKR,2016,5.71,17.56
TZA,2016,5.83,8.32
NOR,2016,6.0,11.08
AGO,2016,6.1,12.87
MDA,2016,6.1,13.42
STP,2016,4.47,2.16
CUB,2016,4.65,9.73
PRK,2016,3.47,9.24
MEX,2016,4.43,5.57
JAM,2016,3.34,2.18
HTI,2016,2.95,11.64
BOL,2016,3.1,7.43
BDI,2016,3.15,12.61
NGA,2016,3.05,7.22
TKM,2016,3.09,6.59
ECU,2016,3.24,9.06
GNB,2016,3.23,13.15
ZMB,2016,3.15,16.71
CRI,2016,3.25,7.29
VNM,2016,3.27,7.58
ALB,2016,4.38,4.17
PAN,2016,6.29,3.35
KAZ,2016,3.53,22.01
MLI,2016,3.66,8.29
KHM,2016,3.81,5.75
NIC,2016,3.78,4.59
MKD,2016,3.78,7.27
ARM,2016,3.96,4.43
CMR,2016,4.22,16.62
COL,2016,4.26,4.11
CHN,2016,6.16,6.99
BRB,2016,9.95,0.33
BLZ,2016,6.43,6.67
USA,2016,8.86,13.65
CAN,2016,8.1,10.37
ARG,2016,8.2,8.06
GRD,2016,8.2,0.91
NLD,2016,8.29,9.33
FIN,2016,8.44,13.26
MLT,2016,8.57,5.12
NZL,2016,8.92,11.52
MNE,2016,9.13,16.08
MNG,2016,7.92,19.82
DNK,2016,9.33,8.24
BHS,2016,9.4,3.49
LCA,2016,9.4,6.65
CHE,2016,9.35,9.76
GBR,2016,9.65,7.62
AUS,2016,9.65,10.92
BEL,2016,9.69,15.02
ROU,2016,9.72,7.76
BLR,2016,9.77,19.4
KOR,2016,8.03,20.49
CYP,2016,7.93,4.15
BWA,2016,6.55,22.9
GNQ,2016,7.13,14.97
JPN,2016,6.51,13.75
BRA,2016,6.59,5.67
CHL,2016,6.66,9.18
SWZ,2016,6.77,46.24
GRC,2016,6.84,3.42
MUS,2016,6.83,7.58
GEO,2016,6.99,9.03
BFA,2016,7.1,15.16
SWE,2016,7.11,12.15
RUS,2016,7.67,26.89
THA,2016,7.09,7.59
ITA,2016,7.21,4.35
LAO,2016,7.21,6.18
UGA,2016,7.3,11.06
SRB,2016,7.31,10.58
ZAF,2016,7.38,25.31
GAB,2016,7.47,14.55
ISL,2016,7.63,12.26
VCT,2016,7.63,0.67
LBR,2016,2.87,7.62
IND,2016,2.92,12.6
ZWE,2016,2.71,28.7
MDG,2016,0.7,9.47
GIN,2016,0.35,12.79
KIR,2016,0.39,31.38
MAR,2016,0.39,7.41
TLS,2016,0.36,4.45
OMN,2016,0.45,4.52
DZA,2016,0.56,2.61
TCD,2016,0.62,13.68
MYS,2016,0.61,5.37
BRN,2016,0.66,2.38
NPL,2016,0.78,9.68
SEN,2016,0.29,11.53
ERI,2016,0.92,18.3
RWA,2016,0.95,9.73
SLB,2016,0.85,17.83
TJK,2016,0.9,5.38
QAT,2016,1.01,4.83
COD,2016,1.17,12.09
LBN,2016,1.21,2.78
MDV,2016,1.19,3.15
TON,2016,0.32,4.77
JOR,2016,0.32,1.86
TGO,2016,1.18,15.97
YEM,2016,0.02,6.98
FJI,2016,2.65,10.03
AFG,2016,0.011,6.01
BGD,2016,0.004,3.6
KWT,2016,0.0,2.45
LBY,2016,0.009,4.95
MRT,2016,0.0,5.36
SAU,2016,0.0,5.9
SOM,2016,0.0,14.83
SDN,2016,0.001,4.84
BTN,2016,0.059,5.05
DJI,2016,0.33,12.08
IDN,2016,0.078,2.58
IRN,2016,0.13,5.92
NER,2016,0.12,10.22
PAK,2016,0.056,10.02
COM,2016,0.16,8.72
EGY,2016,0.16,3.63
IRQ,2016,0.16,5.33
SLE,2016,0.19,10.83
SYR,2016,0.18,1.83
PNG,2016,1.23,3.64
AZE,2016,0.41,3.92
GMB,2016,1.27,9.94
DEU,2016,11.04,8.82
BGR,2016,11.08,6.57
IRL,2016,11.08,9.37
LUX,2016,11.4,7.55
AUT,2016,11.63,11.13
LVA,2016,11.57,17.15
FRA,2016,11.77,10.7
LTU,2016,12.25,26.21
CZE,2016,12.8,10.34
SYC,2016,14.17,7.64
EST,2016,15.14,12.49
ARE,2016,2.15,4.97
KEN,2016,2.29,10.45
ISR,2016,2.5,5.03
LSO,2016,2.48,107.1
HND,2016,2.57,2.66
LKA,2016,2.63,14.17
UZB,2016,2.59,9.21
TUR,2016,1.28,2.26
HUN,2016,11.0,13.34
SLV,2016,2.67,5.77
ESP,2016,10.67,5.54
CIV,2016,1.81,17.0
CAF,2016,1.46,25.25
ETH,2016,1.47,9.78
VUT,2016,1.53,21.0
BHR,2016,1.63,6.48
GTM,2016,1.62,6.21
FSM,2016,1.58,28.18
MMR,2016,1.6,3.33
TUN,2016,1.61,2.98
MWI,2016,1.72,12.25
MOZ,2016,1.36,23.4
WSM,2016,1.8,15.03
GHA,2016,1.95,11.74
SVK,2016,9.95,9.66
ATG,2016,10.13,0.49
HRV,2016,10.25,11.48
PRT,2016,10.32,7.38
POL,2016,10.48,11.37
SVN,2016,10.71,14.29
SGP,2016,1.82,7.3
STP,2015,5.04,2.18
SUR,2015,5.29,25.91
PRY,2015,5.09,5.85
NAM,2015,5.11,16.29
BEN,2015,4.92,13.38
CPV,2015,5.01,16.73
COG,2015,4.9,12.46
BIH,2015,4.89,8.33
GUY,2015,5.55,39.3
DOM,2015,5.37,6.84
TTO,2015,5.86,9.54
KGZ,2015,5.62,10.87
PER,2015,5.73,2.77
URY,2015,5.72,16.66
VEN,2015,5.65,2.37
NOR,2015,6.02,10.59
PAN,2015,6.24,2.95
MDA,2015,6.16,13.68
TZA,2015,6.23,8.23
BWA,2015,6.3,24.55
CUB,2015,4.59,10.36
PHL,2015,4.68,2.71
PRK,2015,3.51,9.47
CMR,2015,4.43,17.09
JAM,2015,3.25,2.17
IND,2015,2.98,12.92
BOL,2015,3.14,7.2
BDI,2015,3.14,12.75
GNB,2015,3.15,13.08
NGA,2015,3.08,7.31
TKM,2015,3.13,6.62
VNM,2015,3.08,7.61
ZMB,2015,3.13,17.26
CRI,2015,3.22,6.41
KHM,2015,3.42,5.75
COL,2015,4.27,4.04
UKR,2015,6.5,17.87
ECU,2015,3.55,8.88
KAZ,2015,3.52,23.42
MLI,2015,3.74,8.46
NIC,2015,3.67,4.47
MKD,2015,3.72,7.28
ARM,2015,4.05,4.7
MEX,2015,4.2,5.6
ALB,2015,4.29,4.23
CHN,2015,6.32,7.08
LBR,2015,2.82,7.71
BLZ,2015,6.64,6.87
MNG,2015,8.95,19.68
ARG,2015,8.16,8.1
NLD,2015,8.33,9.31
RUS,2015,8.33,27.87
MNE,2015,8.49,16.35
FIN,2015,8.56,12.15
USA,2015,8.82,12.86
NZL,2015,8.89,11.13
LCA,2015,9.24,7.89
MLT,2015,8.07,6.55
BHS,2015,9.38,3.42
DNK,2015,9.42,8.07
ROU,2015,9.5,9.06
CHE,2015,9.51,10.5
GBR,2015,9.52,7.81
ATG,2015,9.64,0.42
ESP,2015,9.61,5.64
BRB,2015,9.7,0.31
AUS,2015,9.79,11.81
KOR,2015,8.07,21.2
GRD,2015,8.11,0.62
SRB,2015,7.2,11.69
BRA,2015,6.79,5.6
SWZ,2015,6.75,49.19
MUS,2015,6.82,7.51
AGO,2015,6.86,13.27
GEO,2015,6.89,8.79
BFA,2015,7.03,15.44
GRC,2015,6.97,3.78
LAO,2015,7.04,6.2
THA,2015,6.95,7.15
SWE,2015,7.16,13.02
CAN,2015,8.1,11.16
ITA,2015,7.27,4.83
CHL,2015,7.4,9.17
ISL,2015,7.39,13.17
VCT,2015,7.45,3.31
ZAF,2015,7.45,25.55
UGA,2015,7.74,11.04
CYP,2015,7.95,4.17
GAB,2015,7.89,15.17
GNQ,2015,8.02,15.33
ZWE,2015,2.87,30.74
JPN,2015,6.47,14.89
HTI,2015,2.81,11.97
NPL,2015,0.7,9.83
KIR,2015,0.36,31.59
MAR,2015,0.39,7.63
OMN,2015,0.44,4.7
TLS,2015,0.37,4.38
DZA,2015,0.54,2.72
MYS,2015,0.57,5.22
BRN,2015,0.66,1.63
TCD,2015,0.66,13.97
MDG,2015,0.7,9.53
SLB,2015,0.75,17.94
DJI,2015,0.36,11.89
ERI,2015,0.95,18.69
TJK,2015,0.88,5.19
QAT,2015,1.01,4.85
RWA,2015,0.96,9.89
LBN,2015,1.22,2.87
MDV,2015,1.23,2.95
PNG,2015,1.22,3.65
TGO,2015,1.24,16.69
COD,2015,1.26,12.27
GIN,2015,0.35,12.99
AZE,2015,0.39,3.99
MOZ,2015,1.27,23.97
IDN,2015,0.08,2.57
BGD,2015,0.004,3.64
KWT,2015,0.0,2.4
LBY,2015,0.01,5.48
MRT,2015,0.0,5.33
SAU,2015,0.0,5.95
SOM,2015,0.0,15.03
YEM,2015,0.026,6.8
BTN,2015,0.11,5.16
COM,2015,0.14,8.8
IRN,2015,0.07,5.96
TON,2015,0.29,5.3
NER,2015,0.13,10.39
PAK,2015,0.054,9.96
SDN,2015,0.12,4.89
EGY,2015,0.18,3.72
IRQ,2015,0.16,5.4
SLE,2015,0.22,10.53
SYR,2015,0.2,1.95
JOR,2015,0.34,1.85
SEN,2015,0.28,11.81
ETH,2015,1.32,9.98
FJI,2015,2.65,10.01
TUR,2015,1.31,2.26
GHA,2015,2.1,12.02
SVN,2015,10.97,14.75
HUN,2015,11.05,14.6
LUX,2015,11.45,9.57
AUT,2015,11.9,11.39
FRA,2015,11.89,11.48
CZE,2015,12.81,10.49
SYC,2015,13.3,7.65
EST,2015,16.54,13.36
ARE,2015,2.09,5.25
DEU,2015,11.01,9.0
KEN,2015,2.22,10.64
LSO,2015,2.4,114.5
SLV,2015,2.55,6.78
HND,2015,2.48,4.57
ISR,2015,2.48,4.45
UZB,2015,2.5,9.2
LKA,2015,2.59,14.7
AFG,2015,0.007,5.99
IRL,2015,10.99,8.71
LTU,2015,13.45,28.93
LVA,2015,10.9,17.14
BHR,2015,1.76,6.32
BGR,2015,10.86,6.77
MMR,2015,1.46,3.34
VUT,2015,1.48,21.18
GTM,2015,1.64,6.4
FSM,2015,1.55,28.37
CIV,2015,1.74,17.71
GMB,2015,1.65,10.29
WSM,2015,1.72,14.94
TUN,2015,1.6,3.03
MWI,2015,1.84,12.59
HRV,2015,10.16,12.15
CAF,2015,1.4,26.31
POL,2015,10.44,13.15
PRT,2015,10.3,8.31
BLR,2015,10.27,19.55
SVK,2015,10.15,9.8
BEL,2015,10.12,14.41
SGP,2015,1.84,7.56
GUY,2014,5.68,39.52
PHL,2014,4.67,2.69
BIH,2014,4.77,8.2
NAM,2014,4.9,15.32
BEN,2014,5.23,13.65
PRY,2014,5.23,5.95
CMR,2014,5.25,17.94
SUR,2014,5.33,25.94
DOM,2014,5.36,6.59
STP,2014,5.56,2.24
BFA,2014,6.51,15.66
URY,2014,5.7,15.77
KGZ,2014,5.86,11.48
PER,2014,5.85,2.98
TTO,2014,5.9,9.83
NOR,2014,6.08,10.06
BWA,2014,6.22,25.35
CHN,2014,6.24,7.35
PAN,2014,6.29,4.15
TZA,2014,6.25,8.25
CUB,2014,4.52,10.23
CPV,2014,4.71,16.91
IND,2014,3.01,13.49
COG,2014,4.48,13.53
TKM,2014,3.16,7.11
MDA,2014,6.6,14.47
ZWE,2014,3.02,30.83
KHM,2014,3.07,5.8
CRI,2014,3.11,5.35
GNB,2014,3.07,14.13
NGA,2014,3.08,7.59
ZMB,2014,3.08,17.74
BOL,2014,3.17,7.04
JAM,2014,3.21,2.18
BDI,2014,3.28,13.14
ALB,2014,4.25,4.52
PRK,2014,3.52,9.13
KAZ,2014,3.59,24.23
MLI,2014,3.62,8.65
NIC,2014,3.58,4.95
ECU,2014,3.75,8.9
MKD,2014,3.72,7.43
MEX,2014,4.03,5.72
ARM,2014,4.06,4.63
COL,2014,4.23,3.69
JPN,2014,6.51,15.78
GAB,2014,7.95,15.39
VEN,2014,6.57,2.26
RUS,2014,8.98,29.37
NLD,2014,8.43,9.28
KOR,2014,8.36,22.42
MNE,2014,8.55,16.35
GNQ,2014,8.57,14.22
FIN,2014,8.78,13.65
ESP,2014,8.8,6.21
USA,2014,8.79,12.4
NZL,2014,8.93,10.59
LCA,2014,9.08,8.23
CAN,2014,8.13,10.86
BHS,2014,9.35,3.28
BRB,2014,9.32,0.32
ATG,2014,9.43,0.44
DNK,2014,9.4,9.09
GBR,2014,9.43,7.64
ROU,2014,9.53,8.97
CHE,2014,9.66,10.01
AUS,2014,9.86,11.31
LBR,2014,2.82,8.46
ARG,2014,8.22,9.16
BLZ,2014,6.67,6.89
VCT,2014,7.2,1.37
LAO,2014,6.68,6.17
MUS,2014,6.81,9.85
BRA,2014,6.93,5.4
GEO,2014,6.89,8.58
THA,2014,6.88,6.87
SWZ,2014,7.07,54.63
SRB,2014,7.19,12.02
ISL,2014,7.16,14.37
SWE,2014,7.22,12.28
GRD,2014,7.95,0.45
GRC,2014,7.28,4.04
AGO,2014,7.43,13.14
ITA,2014,7.35,5.03
ZAF,2014,7.5,25.28
UKR,2014,7.5,20.39
CHL,2014,7.68,9.13
MLT,2014,7.71,6.33
CYP,2014,7.81,4.77
UGA,2014,7.84,11.4
VNM,2014,2.89,7.64
HTI,2014,2.77,12.0
AFG,2014,0.003,6.02
MDG,2014,0.7,9.79
JOR,2014,0.36,1.86
MAR,2014,0.41,7.9
OMN,2014,0.44,4.68
TLS,2014,0.41,4.24
DZA,2014,0.52,2.78
MYS,2014,0.55,5.1
SLB,2014,0.65,18.1
BRN,2014,0.67,1.7
TCD,2014,0.65,14.6
NPL,2014,0.68,9.93
SLE,2014,0.27,10.95
TJK,2014,0.85,5.11
RWA,2014,0.95,10.07
ERI,2014,0.97,18.87
QAT,2014,1.02,5.02
ETH,2014,1.18,10.02
LBN,2014,1.21,2.84
MOZ,2014,1.16,24.68
PNG,2014,1.18,3.62
CAF,2014,1.32,27.59
AZE,2014,0.36,4.1
SEN,2014,0.27,11.97
MDV,2014,1.26,2.88
IRN,2014,0.067,6.06
LKA,2014,2.59,12.72
BGD,2014,0.004,3.73
KWT,2014,0.0,2.38
LBY,2014,0.009,6.06
MRT,2014,0.0,5.4
SAU,2014,0.0,6.3
SOM,2014,0.0,15.16
YEM,2014,0.031,7.03
IDN,2014,0.082,2.62
NER,2014,0.12,10.65
KIR,2014,0.3,31.62
PAK,2014,0.05,9.96
SDN,2014,0.12,4.99
BTN,2014,0.18,5.19
COM,2014,0.15,8.87
EGY,2014,0.19,3.69
IRQ,2014,0.16,5.49
SYR,2014,0.19,2.06
TON,2014,0.24,5.35
GIN,2014,0.32,12.97
COD,2014,1.34,12.57
DJI,2014,0.4,12.19
TUR,2014,1.34,2.3
IRL,2014,10.73,10.5
DEU,2014,11.08,9.19
BLR,2014,11.22,21.59
LUX,2014,11.49,10.06
SYC,2014,11.66,7.52
FRA,2014,11.89,11.45
AUT,2014,12.03,12.04
CZE,2014,12.68,11.7
LTU,2014,14.29,29.44
EST,2014,17.25,16.16
MWI,2014,1.96,12.77
ARE,2014,1.99,5.6
GHA,2014,2.14,12.4
KEN,2014,2.24,11.08
UZB,2014,2.35,9.03
SLV,2014,2.45,5.96
LSO,2014,2.37,116.2
HND,2014,2.54,4.07
FJI,2014,2.63,10.27
TGO,2014,1.3,17.41
HUN,2014,10.87,14.96
ISR,2014,2.56,5.03
SVN,2014,10.65,14.36
GMB,2014,1.89,10.58
TUN,2014,1.53,3.1
VUT,2014,1.53,21.14
CIV,2014,1.64,18.55
FSM,2014,1.56,27.41
WSM,2014,1.61,14.92
GTM,2014,1.72,6.41
SGP,2014,1.84,8.22
BHR,2014,1.87,6.37
MMR,2014,1.37,3.41
PRT,2014,10.02,9.23
HRV,2014,10.28,12.4
MNG,2014,10.27,19.6
BEL,2014,10.42,15.13
BGR,2014,10.57,7.13
LVA,2014,10.6,17.18
POL,2014,10.56,14.5
SVK,2014,10.14,10.02
DOM,2013,5.4,6.06
SUR,2013,5.68,26.54
PRY,2013,5.46,5.07
URY,2013,5.44,14.16
CPV,2013,4.66,17.46
BEN,2013,5.43,13.84
PHL,2013,4.88,2.88
NAM,2013,4.66,14.38
CMR,2013,5.89,18.71
GUY,2013,5.76,40.71
KGZ,2013,6.06,11.42
STP,2013,5.88,2.19
TTO,2013,5.88,10.14
BFA,2013,6.02,16.09
CHN,2013,6.11,7.65
PER,2013,6.08,3.19
NOR,2013,6.16,10.29
PAN,2013,6.24,3.54
TZA,2013,6.15,8.64
BWA,2013,6.36,27.75
COG,2013,4.45,14.49
BIH,2013,4.75,8.23
NIC,2013,3.54,5.87
CUB,2013,4.41,10.64
BOL,2013,3.2,6.87
IND,2013,3.03,14.45
NGA,2013,3.02,8.01
ZMB,2013,2.98,17.91
BDI,2013,3.05,13.75
CRI,2013,3.1,6.42
GNB,2013,3.07,14.79
JAM,2013,3.12,2.01
TKM,2013,3.11,7.42
ZWE,2013,3.15,31.4
COL,2013,4.3,3.62
JPN,2013,6.52,16.69
PRK,2013,3.56,9.12
MLI,2013,3.61,8.75
KAZ,2013,3.72,26.16
MKD,2013,3.73,8.05
ECU,2013,3.82,9.68
MEX,2013,3.92,5.28
ARM,2013,4.03,5.31
ALB,2013,4.28,4.84
LAO,2013,6.44,6.33
KHM,2013,2.79,5.96
BLZ,2013,6.56,6.83
GNQ,2013,9.13,13.76
UKR,2013,8.33,18.66
KOR,2013,8.6,23.84
NLD,2013,8.69,9.47
USA,2013,8.81,12.04
FIN,2013,9.03,15.04
ATG,2013,9.1,0.0
BRB,2013,9.08,0.097
NZL,2013,9.09,11.56
CAN,2013,8.21,10.19
LCA,2013,9.22,7.69
DNK,2013,9.33,8.98
BHS,2013,9.37,3.17
GBR,2013,9.42,7.71
ROU,2013,9.6,9.86
MNE,2013,9.62,16.34
CHE,2013,9.74,10.7
PRT,2013,9.83,7.98
RUS,2013,9.8,29.13
ESP,2013,8.16,6.16
CYP,2013,8.09,5.1
SWE,2013,7.25,13.04
VEN,2013,6.77,2.61
SWZ,2013,6.94,62.02
ISL,2013,6.88,12.45
MUS,2013,6.92,7.77
THA,2013,6.94,6.59
GEO,2013,7.05,8.17
MDA,2013,7.03,14.4
VCT,2013,6.99,3.74
BRA,2013,7.11,5.41
ITA,2013,7.46,5.27
ARG,2013,8.06,8.45
MLT,2013,7.53,5.9
ZAF,2013,7.49,25.12
GRC,2013,7.61,3.96
CHL,2013,7.83,9.15
GAB,2013,7.75,13.57
GRD,2013,7.84,1.12
AGO,2013,7.86,14.16
UGA,2013,7.93,12.38
SRB,2013,7.94,13.03
LBR,2013,2.79,8.5
AFG,2013,0.003,6.17
VNM,2013,2.75,7.53
NPL,2013,0.66,10.26
JOR,2013,0.38,1.89
MAR,2013,0.44,8.24
OMN,2013,0.45,4.79
DZA,2013,0.48,2.85
TLS,2013,0.46,4.23
TCD,2013,0.63,15.13
MYS,2013,0.55,4.9
SLB,2013,0.64,18.19
MDG,2013,0.68,9.79
BRN,2013,0.77,1.82
SLE,2013,0.29,11.35
TJK,2013,0.8,5.04
RWA,2013,0.9,10.13
ERI,2013,0.97,19.24
QAT,2013,1.02,5.3
ETH,2013,1.08,10.43
MOZ,2013,1.08,26.01
PNG,2013,1.09,3.43
LBN,2013,1.23,3.01
TGO,2013,1.24,17.79
AZE,2013,0.37,4.19
SEN,2013,0.27,12.12
MMR,2013,1.3,3.46
IDN,2013,0.083,2.69
HTI,2013,2.66,12.03
BGD,2013,0.004,3.8
KWT,2013,0.0,2.34
LBY,2013,0.008,4.78
MRT,2013,0.0,5.43
PAK,2013,0.047,9.98
SAU,2013,0.0,6.31
SOM,2013,0.0,15.2
YEM,2013,0.036,7.11
IRN,2013,0.13,6.1
KIR,2013,0.3,32.34
NER,2013,0.12,10.66
SDN,2013,0.12,5.11
COM,2013,0.16,8.51
EGY,2013,0.19,3.77
IRQ,2013,0.16,5.7
SYR,2013,0.19,2.01
TON,2013,0.18,5.27
BTN,2013,0.28,5.2
GIN,2013,0.28,13.2
MDV,2013,1.31,2.8
DJI,2013,0.44,12.13
COD,2013,1.37,12.77
SYC,2013,10.96,7.3
LUX,2013,11.58,8.83
FRA,2013,12.01,12.5
AUT,2013,12.2,11.45
BLR,2013,12.48,22.82
CZE,2013,12.7,12.77
LTU,2013,14.93,33.97
EST,2013,17.33,14.9
BHR,2013,1.96,6.15
MWI,2013,2.03,13.04
FSM,2013,1.99,27.4
GHA,2013,2.12,12.79
UZB,2013,2.13,8.92
GMB,2013,2.24,10.71
KEN,2013,2.23,11.57
LSO,2013,2.2,111.4
SLV,2013,2.4,6.72
FJI,2013,2.56,10.51
HND,2013,2.61,3.9
ISR,2013,2.65,5.06
TUR,2013,1.39,2.27
DEU,2013,11.15,9.22
LKA,2013,2.65,14.98
IRL,2013,10.92,10.5
MNG,2013,10.0,20.43
CIV,2013,1.51,19.45
CAF,2013,1.48,26.95
WSM,2013,1.68,14.12
VUT,2013,1.65,21.76
GTM,2013,1.81,6.67
SGP,2013,1.88,8.49
ARE,2013,1.88,5.91
AUS,2013,9.98,10.24
TUN,2013,1.44,3.17
BEL,2013,10.33,15.38
LVA,2013,10.43,16.7
BGR,2013,10.54,7.35
POL,2013,10.48,15.06
SVN,2013,10.47,16.16
HRV,2013,10.56,12.31
HUN,2013,10.93,16.14
SVK,2013,10.1,9.92
URY,2012,5.43,16.1
BEN,2012,5.55,13.94
DOM,2012,5.47,5.8
BFA,2012,5.49,16.11
ALB,2012,4.59,4.82
PHL,2012,4.97,2.85
CPV,2012,4.76,17.98
BIH,2012,4.75,8.11
PRY,2012,5.74,4.7
GUY,2012,5.69,37.62
STP,2012,5.99,2.24
SUR,2012,5.78,26.82
TTO,2012,5.84,8.86
CHN,2012,5.86,8.14
KGZ,2012,5.99,11.92
TZA,2012,6.1,8.45
PAN,2012,6.19,3.75
PER,2012,6.23,3.32
CMR,2012,6.29,19.15
LAO,2012,6.3,6.4
CUB,2012,4.34,10.74
NAM,2012,4.44,14.5
NIC,2012,3.48,4.86
COG,2012,4.34,15.5
BOL,2012,3.24,6.9
ZMB,2012,2.82,18.52
LBR,2012,2.88,8.73
IND,2012,3.01,15.07
NGA,2012,2.97,8.33
TKM,2012,3.02,7.36
CRI,2012,3.13,6.34
GNB,2012,3.1,14.69
JAM,2012,3.06,2.09
ZWE,2012,3.07,33.07
COL,2012,4.33,3.81
BLZ,2012,6.42,7.35
BDI,2012,3.58,14.09
PRK,2012,3.57,9.09
KAZ,2012,3.65,27.33
MLI,2012,3.61,8.73
MKD,2012,3.74,8.15
ECU,2012,3.87,10.26
ARM,2012,3.98,6.39
MEX,2012,3.96,4.95
NOR,2012,6.29,9.94
ISR,2012,2.71,5.99
KOR,2012,8.87,24.01
CYP,2012,8.38,4.9
ESP,2012,8.46,5.63
UKR,2012,8.72,19.02
SRB,2012,8.78,13.28
USA,2012,8.77,12.06
BRB,2012,8.9,0.21
MNG,2012,8.92,20.99
NLD,2012,8.89,8.88
NZL,2012,9.25,12.35
CAN,2012,8.25,10.07
MNE,2012,9.37,17.06
BHS,2012,9.38,3.58
GNQ,2012,9.37,15.53
FIN,2012,9.39,14.91
LCA,2012,9.47,8.21
GBR,2012,9.55,7.36
DNK,2012,9.62,9.82
ROU,2012,9.63,10.34
CHE,2012,9.87,10.49
ATG,2012,8.32,0.0
UGA,2012,8.15,13.23
SWZ,2012,6.63,66.26
ITA,2012,7.27,5.36
JPN,2012,6.55,17.02
BWA,2012,6.79,28.99
ISL,2012,6.82,12.53
THA,2012,6.84,7.03
VCT,2012,6.94,5.31
VEN,2012,6.86,3.41
MUS,2012,7.0,9.23
BRA,2012,7.21,5.29
MDA,2012,7.2,14.61
SWE,2012,7.29,12.25
ARG,2012,7.99,8.96
MLT,2012,7.38,5.1
CHL,2012,7.53,9.86
GEO,2012,7.49,7.65
ZAF,2012,7.46,24.63
AGO,2012,7.72,14.16
GAB,2012,7.69,13.97
GRC,2012,7.76,3.73
GRD,2012,7.77,1.64
LKA,2012,2.72,16.4
AFG,2012,0.003,6.24
HND,2012,2.7,3.95
SLB,2012,0.66,18.39
JOR,2012,0.39,1.96
AZE,2012,0.46,4.31
MAR,2012,0.45,9.15
OMN,2012,0.48,4.85
TLS,2012,0.48,4.28
TCD,2012,0.6,15.6
MDG,2012,0.65,9.89
MYS,2012,0.55,5.17
NPL,2012,0.72,10.59
BRN,2012,0.85,2.18
TON,2012,0.35,5.25
TJK,2012,0.75,5.08
PNG,2012,0.95,3.45
RWA,2012,0.87,10.56
ERI,2012,1.0,19.73
ETH,2012,0.99,11.34
MOZ,2012,1.01,26.54
QAT,2012,1.04,5.83
MMR,2012,1.22,3.54
TGO,2012,1.24,18.02
DZA,2012,0.45,2.89
SYR,2012,0.32,1.89
LBN,2012,1.29,2.99
YEM,2012,0.036,7.21
VNM,2012,2.64,7.52
BGD,2012,0.004,4.0
KWT,2012,0.0,2.31
LBY,2012,0.007,5.55
MRT,2012,0.0,5.53
PAK,2012,0.047,9.97
SAU,2012,0.0,6.41
SOM,2012,0.0,15.28
SDN,2012,0.028,5.09
COM,2012,0.15,8.62
SLE,2012,0.29,11.84
IDN,2012,0.08,2.76
NER,2012,0.12,10.58
EGY,2012,0.19,3.83
IRN,2012,0.23,6.16
IRQ,2012,0.17,5.58
BTN,2012,0.29,5.22
GIN,2012,0.25,12.91
KIR,2012,0.3,32.04
SEN,2012,0.28,12.2
COD,2012,1.32,13.01
DJI,2012,0.45,11.9
MDV,2012,1.33,2.88
HRV,2012,11.1,13.11
IRL,2012,11.13,11.67
DEU,2012,11.22,8.98
LUX,2012,11.66,8.95
AUT,2012,12.03,11.78
FRA,2012,12.1,13.36
CZE,2012,12.64,13.05
BLR,2012,13.55,24.63
LTU,2012,14.88,29.22
EST,2012,16.99,17.15
BHR,2012,2.01,6.44
MWI,2012,2.05,13.7
GHA,2012,2.09,12.99
FSM,2012,2.11,27.58
KEN,2012,2.19,11.67
LSO,2012,2.15,102.0
GMB,2012,2.34,10.8
SLV,2012,2.36,6.97
FJI,2012,2.52,10.5
HTI,2012,2.55,12.18
TUN,2012,1.34,3.24
HUN,2012,11.08,18.37
KHM,2012,2.57,6.12
SVN,2012,10.36,15.9
PRT,2012,10.05,8.48
TUR,2012,1.42,2.24
CAF,2012,1.68,26.64
WSM,2012,1.7,14.75
ARE,2012,1.8,6.13
VUT,2012,1.78,21.94
GTM,2012,1.93,7.01
SGP,2012,1.9,9.16
UZB,2012,1.88,8.98
CIV,2012,1.43,19.74
AUS,2012,10.11,10.48
BEL,2012,10.19,16.42
LVA,2012,10.27,19.39
BGR,2012,10.4,8.75
POL,2012,10.41,15.29
RUS,2012,10.35,29.83
SYC,2012,10.44,7.33
SVK,2012,10.1,10.21
PHL,2011,5.12,3.37
BFA,2011,5.46,15.65
CHN,2011,5.43,8.84
BEN,2011,5.38,14.14
CUB,2011,4.32,11.13
CPV,2011,4.99,18.21
ALB,2011,4.78,7.63
BIH,2011,4.7,8.35
STP,2011,5.46,2.11
DOM,2011,5.5,5.5
SWZ,2011,5.89,65.99
GUY,2011,5.64,35.31
SUR,2011,5.58,26.02
URY,2011,5.6,15.02
TTO,2011,5.82,9.2
KGZ,2011,5.98,12.25
PRY,2011,5.96,4.68
CMR,2011,6.07,19.41
PER,2011,6.15,3.45
LAO,2011,6.24,6.66
NAM,2011,4.19,16.14
COL,2011,4.29,3.67
NIC,2011,3.41,5.94
COG,2011,4.21,15.3
BOL,2011,3.29,7.05
ISR,2011,2.7,5.45
NGA,2011,2.74,8.65
ZMB,2011,2.78,19.82
IND,2011,2.9,15.5
LBR,2011,2.94,8.84
TKM,2011,2.93,7.82
ZWE,2011,2.87,34.3
JAM,2011,2.99,2.28
GNB,2011,3.08,15.08
CRI,2011,3.37,6.7
TZA,2011,6.3,9.32
PRK,2011,3.57,9.24
KAZ,2011,3.69,28.29
MKD,2011,3.73,5.91
MLI,2011,3.83,8.68
ECU,2011,3.88,10.01
ARM,2011,4.08,5.74
BDI,2011,4.11,14.51
MEX,2011,4.07,5.36
PAN,2011,6.15,3.95
LCA,2011,9.95,6.89
BLZ,2011,6.38,7.92
CYP,2011,8.99,3.7
CAN,2011,8.31,9.63
UKR,2011,8.39,18.95
UGA,2011,8.48,14.47
SRB,2011,8.55,13.17
ESP,2011,8.59,5.1
USA,2011,8.69,12.01
BRB,2011,8.76,0.64
KOR,2011,8.92,27.89
MNE,2011,9.02,17.02
GAB,2011,7.96,15.78
NLD,2011,9.05,8.4
BHS,2011,9.36,3.77
GNQ,2011,9.38,16.64
NZL,2011,9.41,10.99
FIN,2011,9.6,15.68
SYC,2011,9.6,7.46
ROU,2011,9.75,9.86
GBR,2011,9.75,7.42
DNK,2011,9.91,9.67
GRC,2011,8.02,3.51
GEO,2011,7.78,7.2
NOR,2011,6.41,11.85
BWA,2011,7.07,29.09
JPN,2011,6.52,18.43
THA,2011,6.61,7.17
MDA,2011,6.7,13.25
ISL,2011,6.82,10.69
MUS,2011,7.01,8.56
VCT,2011,6.98,5.4
VEN,2011,7.04,3.81
ITA,2011,7.14,5.13
GRD,2011,7.75,1.57
MLT,2011,7.15,5.73
BRA,2011,7.34,5.19
MNG,2011,7.3,21.87
ZAF,2011,7.34,24.43
SWE,2011,7.31,12.0
ATG,2011,7.58,0.16
CHL,2011,7.64,11.0
AGO,2011,7.68,13.49
ARG,2011,7.69,8.42
HND,2011,2.7,2.59
LKA,2011,2.61,17.85
VNM,2011,2.5,7.39
NPL,2011,0.71,10.73
DJI,2011,0.46,11.84
MYS,2011,0.54,5.24
MAR,2011,0.46,9.49
OMN,2011,0.5,5.47
SYR,2011,0.53,1.8
TCD,2011,0.57,15.89
AZE,2011,0.71,4.44
BRN,2011,0.7,1.66
MDG,2011,0.66,10.15
SLB,2011,0.7,18.54
DZA,2011,0.41,2.94
TJK,2011,0.71,5.06
TON,2011,0.67,5.21
ETH,2011,0.91,12.38
MOZ,2011,0.94,25.86
PNG,2011,0.86,3.29
RWA,2011,0.87,10.93
ERI,2011,1.02,20.16
QAT,2011,1.05,6.24
MMR,2011,1.1,3.67
JOR,2011,0.42,1.98
SEN,2011,0.29,12.12
TGO,2011,1.24,18.12
SDN,2011,0.028,5.28
GMB,2011,2.5,10.96
AFG,2011,0.006,6.42
BGD,2011,0.003,4.34
KWT,2011,0.0,2.24
LBY,2011,0.007,4.98
MRT,2011,0.0,5.34
PAK,2011,0.048,10.02
SAU,2011,0.0,6.2
SOM,2011,0.0,15.32
YEM,2011,0.04,7.2
KIR,2011,0.3,32.85
COM,2011,0.13,8.53
IDN,2011,0.076,2.85
NER,2011,0.12,10.44
EGY,2011,0.2,3.69
GIN,2011,0.24,12.78
IRN,2011,0.24,6.14
IRQ,2011,0.17,5.52
SLE,2011,0.25,11.74
BTN,2011,0.27,5.21
COD,2011,1.23,13.32
TLS,2011,0.38,4.3
TUN,2011,1.29,3.29
HUN,2011,11.07,18.95
DEU,2011,11.21,9.25
IRL,2011,11.48,11.83
LUX,2011,11.75,9.32
AUT,2011,12.03,12.28
FRA,2011,12.29,13.59
CZE,2011,12.69,12.9
LTU,2011,13.92,31.85
BLR,2011,14.16,30.16
EST,2011,16.07,14.75
GTM,2011,2.0,7.63
MWI,2011,2.05,14.59
BHR,2011,2.13,6.88
KEN,2011,2.13,11.77
GHA,2011,2.21,13.11
LSO,2011,2.22,91.07
FSM,2011,2.16,27.52
SLV,2011,2.34,8.02
KHM,2011,2.36,6.22
FJI,2011,2.39,10.33
CIV,2011,1.4,19.61
HRV,2011,11.24,11.76
HTI,2011,2.36,12.46
SVN,2011,10.63,15.46
CHE,2011,9.96,10.51
MDV,2011,1.37,2.88
TUR,2011,1.45,2.28
ARE,2011,1.74,6.29
UZB,2011,1.81,8.57
VUT,2011,1.76,21.76
CAF,2011,1.87,27.57
WSM,2011,1.95,14.79
SGP,2011,1.89,7.86
LBN,2011,1.39,3.06
LVA,2011,10.07,18.15
BGR,2011,10.23,7.9
POL,2011,10.17,14.98
SVK,2011,10.19,10.41
AUS,2011,10.28,10.06
PRT,2011,10.62,7.94
RUS,2011,10.62,31.1
BEL,2011,10.17,16.71
CHN,2010,4.83,9.59
STP,2010,5.0,2.18
PHL,2010,4.92,2.89
BDI,2010,4.94,14.92
COL,2010,4.29,3.85
CPV,2010,4.81,18.44
BIH,2010,4.66,8.3
CUB,2010,4.26,11.45
SUR,2010,5.3,27.42
ALB,2010,5.09,7.63
CMR,2010,5.81,19.51
BFA,2010,5.42,15.82
DOM,2010,5.55,5.38
GUY,2010,5.57,36.37
PER,2010,5.68,3.63
KGZ,2010,5.83,12.39
TTO,2010,5.79,10.59
LAO,2010,5.93,6.8
URY,2010,6.0,14.26
NAM,2010,4.06,17.99
MEX,2010,4.24,4.66
BOL,2010,3.41,7.0
ARM,2010,4.1,5.86
LBR,2010,3.05,8.68
TKM,2010,2.59,8.65
HTI,2010,2.72,13.2
HND,2010,2.73,2.66
IND,2010,2.7,15.56
ISR,2010,2.65,6.56
ZMB,2010,2.74,19.71
MLI,2010,2.75,8.69
JAM,2010,2.9,1.97
GNB,2010,3.04,15.39
NIC,2010,3.31,5.37
COG,2010,3.91,15.79
PAN,2010,6.11,4.33
PRK,2010,3.49,9.19
KAZ,2010,3.51,29.41
CRI,2010,3.68,6.76
NGA,2010,3.71,8.79
MKD,2010,3.71,5.82
ECU,2010,3.8,10.18
BEN,2010,3.94,14.14
SWZ,2010,6.14,70.49
MNE,2010,9.94,16.52
PRY,2010,6.06,3.82
KOR,2010,8.91,27.98
GAB,2010,8.2,15.77
CAN,2010,8.34,10.26
GRC,2010,8.28,2.72
GNQ,2010,8.54,15.27
UKR,2010,8.52,20.17
UGA,2010,8.57,14.64
USA,2010,8.63,11.72
BRB,2010,8.67,1.22
SRB,2010,8.87,12.42
CYP,2010,9.05,4.63
GRD,2010,7.85,0.73
NLD,2010,9.07,8.06
ESP,2010,9.11,5.05
BHS,2010,9.29,3.66
ZWE,2010,2.5,35.01
FIN,2010,9.83,16.44
LVA,2010,9.93,18.59
GBR,2010,9.91,6.95
SYC,2010,8.14,7.42
GEO,2010,7.49,6.98
MDA,2010,6.1,17.64
MNG,2010,6.98,22.4
THA,2010,6.29,7.29
BLZ,2010,6.4,8.18
TZA,2010,6.4,9.81
JPN,2010,6.51,18.81
NOR,2010,6.57,10.89
BWA,2010,6.66,31.2
ITA,2010,6.78,4.82
ISL,2010,6.96,11.79
MLT,2010,7.09,6.63
CHL,2010,7.41,11.01
MUS,2010,7.07,7.37
VCT,2010,7.07,2.88
ZAF,2010,7.21,26.92
ATG,2010,7.35,0.13
ARG,2010,7.26,8.43
BRA,2010,7.27,5.0
SWE,2010,7.33,12.01
VEN,2010,7.35,3.6
AGO,2010,7.4,14.21
GMB,2010,2.6,10.64
NZL,2010,9.44,12.02
LSO,2010,2.48,86.89
SYR,2010,0.71,1.81
TCD,2010,0.54,15.97
DJI,2010,0.47,11.72
JOR,2010,0.45,2.02
MYS,2010,0.52,5.3
MAR,2010,0.48,9.53
NPL,2010,0.54,10.52
OMN,2010,0.5,6.1
AZE,2010,0.73,4.53
MDG,2010,0.74,10.18
TJK,2010,0.68,4.98
DZA,2010,0.41,3.0
ETH,2010,0.84,13.1
SLB,2010,0.78,18.6
MOZ,2010,0.87,25.31
RWA,2010,0.86,11.5
ERI,2010,1.04,20.53
MMR,2010,0.98,3.75
PNG,2010,0.98,3.29
TON,2010,0.96,5.34
QAT,2010,1.05,6.39
BRN,2010,0.46,1.14
SEN,2010,0.31,12.37
TGO,2010,1.29,18.2
YEM,2010,0.038,7.35
AFG,2010,0.01,6.67
BGD,2010,0.003,4.82
KWT,2010,0.0,2.43
LBY,2010,0.007,5.44
MRT,2010,0.0,5.49
PAK,2010,0.044,10.16
SAU,2010,0.0,5.66
SOM,2010,0.0,15.38
SDN,2010,0.028,5.15
COM,2010,0.14,9.01
KIR,2010,0.33,32.65
IDN,2010,0.074,2.92
NER,2010,0.11,10.39
BTN,2010,0.22,5.24
EGY,2010,0.2,3.62
GIN,2010,0.22,12.47
IRN,2010,0.19,5.78
IRQ,2010,0.16,5.34
SLE,2010,0.22,12.16
TLS,2010,0.23,4.15
FJI,2010,2.43,10.12
TUN,2010,1.29,3.37
KHM,2010,1.99,6.34
PRT,2010,11.21,8.83
HRV,2010,11.31,13.2
IRL,2010,11.4,11.17
LUX,2010,11.83,9.62
AUT,2010,11.9,12.21
FRA,2010,12.44,13.89
CZE,2010,12.89,11.93
LTU,2010,13.24,31.32
EST,2010,15.42,15.42
GTM,2010,2.04,8.66
DEU,2010,11.22,9.5
KEN,2010,1.98,11.85
MWI,2010,1.96,16.03
WSM,2010,2.09,14.83
BHR,2010,2.2,7.16
GHA,2010,2.27,13.26
LKA,2010,2.34,21.87
VNM,2010,2.29,7.3
SLV,2010,2.37,6.4
LBN,2010,1.45,3.04
HUN,2010,11.2,19.17
BLR,2010,14.33,29.89
RUS,2010,10.75,33.01
BGR,2010,10.0,8.45
TUR,2010,1.43,2.47
VUT,2010,1.46,22.15
COD,2010,1.64,13.5
ARE,2010,1.71,6.42
UZB,2010,1.75,8.3
SGP,2010,1.82,8.23
CIV,2010,1.95,20.01
FSM,2010,1.88,26.99
CAF,2010,1.8,28.12
CHE,2010,10.05,10.54
ROU,2010,10.2,10.71
MDV,2010,1.4,3.05
AUS,2010,10.48,10.41
SVK,2010,10.36,11.14
LCA,2010,10.36,7.63
SVN,2010,10.49,15.56
POL,2010,10.16,15.51
DNK,2010,10.2,8.92
BEL,2010,10.17,16.52
STP,2009,4.67,2.25
ARM,2009,4.04,4.06
CRI,2009,4.05,5.55
CHN,2009,4.22,10.09
COL,2009,4.35,4.15
CUB,2009,4.3,11.08
MEX,2009,4.32,4.81
CPV,2009,4.48,18.44
NGA,2009,4.72,8.97
PHL,2009,4.73,2.78
DOM,2009,5.69,5.63
BIH,2009,4.77,8.54
BDI,2009,5.04,15.22
SUR,2009,5.02,26.53
ALB,2009,5.12,7.96
PER,2009,5.27,3.44
BFA,2009,5.46,15.7
GUY,2009,5.51,36.31
LAO,2009,5.57,6.99
CMR,2009,5.65,19.97
MKD,2009,3.81,8.11
NAM,2009,3.88,18.42
TKM,2009,2.34,9.6
ECU,2009,3.68,10.76
ZMB,2009,2.66,19.02
KGZ,2009,5.89,12.82
FJI,2009,2.44,10.16
BEN,2009,2.54,14.24
CIV,2009,2.49,19.41
SLV,2009,2.46,8.95
ISR,2009,2.61,5.91
WSM,2009,2.57,13.01
GMB,2009,2.69,10.88
LSO,2009,2.67,84.63
HND,2009,2.78,2.72
COG,2009,3.63,16.3
JAM,2009,2.84,2.39
GNB,2009,3.05,15.64
HTI,2009,3.1,12.76
LBR,2009,3.11,8.58
PRK,2009,3.35,9.13
NIC,2009,3.39,5.47
BOL,2009,3.47,6.99
KAZ,2009,3.52,29.61
TTO,2009,5.8,10.42
SWE,2009,7.24,13.09
PAN,2009,6.04,5.06
USA,2009,8.66,11.42
MNG,2009,7.73,22.69
VEN,2009,7.85,3.4
GNQ,2009,8.0,13.89
GRD,2009,8.1,0.52
GAB,2009,8.34,15.89
CAN,2009,8.36,10.24
GRC,2009,8.7,2.87
UGA,2009,8.7,15.48
UKR,2009,8.73,21.81
BRB,2009,8.83,1.13
CHL,2009,7.51,12.12
KOR,2009,9.06,28.78
NLD,2009,9.24,7.78
CYP,2009,9.39,3.99
NZL,2009,9.45,10.94
BHS,2009,9.59,3.39
ESP,2009,9.66,5.62
SRB,2009,9.78,14.8
BHR,2009,2.26,7.65
ATG,2009,7.69,0.0
SYC,2009,7.43,7.29
MDA,2009,6.0,17.07
ITA,2009,6.73,4.87
TZA,2009,6.0,10.57
URY,2009,6.03,13.37
THA,2009,6.11,7.27
SWZ,2009,6.24,75.15
PRY,2009,6.32,4.74
JPN,2009,6.51,19.49
BLZ,2009,6.61,7.48
BWA,2009,6.65,32.13
NOR,2009,6.67,11.37
GEO,2009,7.38,7.36
ARG,2009,7.01,8.35
MUS,2009,6.96,8.6
ISL,2009,7.07,12.88
MLT,2009,7.09,6.12
VCT,2009,7.09,2.69
AGO,2009,7.18,13.65
BRA,2009,7.16,5.19
ZAF,2009,7.19,29.24
IND,2009,2.35,15.59
LKA,2009,2.15,22.72
AFG,2009,0.018,6.84
MOZ,2009,0.82,24.64
TCD,2009,0.51,15.8
DJI,2009,0.5,11.47
JOR,2009,0.48,2.09
MYS,2009,0.5,5.47
MAR,2009,0.49,9.66
OMN,2009,0.51,6.02
TJK,2009,0.64,4.9
MDG,2009,0.72,10.21
ETH,2009,0.79,13.67
SLB,2009,0.79,18.7
DZA,2009,0.4,3.15
SYR,2009,0.75,1.79
AZE,2009,0.88,4.64
ERI,2009,0.94,20.86
MMR,2009,0.88,3.88
RWA,2009,0.88,12.06
QAT,2009,1.07,6.73
TON,2009,1.06,5.06
PNG,2009,1.16,3.15
BRN,2009,0.38,1.58
SEN,2009,0.32,12.39
TUN,2009,1.31,3.43
YEM,2009,0.039,7.63
GHA,2009,2.25,13.03
BGD,2009,0.003,5.06
KWT,2009,0.0,2.68
LBY,2009,0.008,5.65
MRT,2009,0.0,5.56
PAK,2009,0.04,10.3
SAU,2009,0.0,5.23
SOM,2009,0.0,15.95
SDN,2009,0.0,5.22
COM,2009,0.14,8.55
KIR,2009,0.34,32.95
IDN,2009,0.072,2.98
IRN,2009,0.087,5.71
NER,2009,0.11,10.23
TLS,2009,0.1,4.41
BTN,2009,0.19,5.38
EGY,2009,0.21,3.55
GIN,2009,0.2,11.88
IRQ,2009,0.15,5.13
SLE,2009,0.21,11.93
VUT,2009,1.22,22.48
NPL,2009,0.36,10.46
MDV,2009,1.44,3.29
AUS,2009,10.63,10.01
SVK,2009,10.74,10.54
LCA,2009,10.93,7.02
ROU,2009,11.13,10.04
RUS,2009,11.13,33.32
HRV,2009,11.29,13.24
DEU,2009,11.26,9.13
HUN,2009,11.32,19.54
PRT,2009,11.41,8.65
IRL,2009,11.7,13.3
AUT,2009,11.93,11.89
LUX,2009,11.88,8.9
FRA,2009,12.5,14.08
LTU,2009,12.91,33.09
CZE,2009,13.25,11.83
BLR,2009,14.39,30.41
EST,2009,15.66,19.21
COD,2009,2.0,13.64
GTM,2009,2.06,9.46
VNM,2009,2.06,7.31
TUR,2009,1.41,2.47
SVN,2009,10.6,16.78
ZWE,2009,2.12,35.24
LVA,2009,10.53,21.67
FSM,2009,1.91,27.02
LBN,2009,1.46,3.04
KHM,2009,1.65,6.39
MLI,2009,1.68,8.87
ARE,2009,1.73,6.58
UZB,2009,1.71,8.22
CAF,2009,1.78,28.53
KEN,2009,1.84,12.13
SGP,2009,1.75,9.03
MWI,2009,1.88,15.87
TGO,2009,1.36,18.47
FIN,2009,9.98,17.89
MNE,2009,10.17,17.23
BGR,2009,10.18,8.51
GBR,2009,10.2,7.15
BEL,2009,10.29,16.71
DNK,2009,10.3,9.81
POL,2009,10.35,16.11
CHE,2009,10.15,12.1
MKD,2008,3.84,7.93
CUB,2008,4.29,10.39
CRI,2008,4.24,5.49
ARM,2008,3.96,4.23
ECU,2008,3.59,10.83
NAM,2008,3.73,19.66
CHN,2008,3.69,10.59
KAZ,2008,3.55,33.76
CPV,2008,4.47,18.3
MEX,2008,4.38,4.58
SUR,2008,4.85,26.7
COL,2008,4.5,4.27
PHL,2008,4.51,2.36
PER,2008,4.82,2.89
BIH,2008,4.93,8.72
STP,2008,5.02,2.37
BDI,2008,5.1,15.66
ALB,2008,5.17,8.09
LAO,2008,5.18,7.21
CMR,2008,5.41,20.12
HTI,2008,3.51,12.59
NIC,2008,3.53,5.57
LSO,2008,2.8,77.79
BOL,2008,3.41,7.01
FJI,2008,2.61,10.2
GTM,2008,2.15,9.87
LKA,2008,2.15,17.47
TKM,2008,2.12,11.69
BHR,2008,2.21,8.28
COD,2008,2.3,13.41
ISR,2008,2.53,5.06
ZMB,2008,2.5,19.01
SLV,2008,2.61,7.28
JAM,2008,2.81,2.29
COG,2008,3.29,15.96
GUY,2008,5.47,33.68
WSM,2008,2.81,14.94
UZB,2008,2.78,8.9
GMB,2008,2.85,11.2
HND,2008,2.87,2.84
CIV,2008,3.03,19.0
PRK,2008,3.2,9.2
GNB,2008,3.19,15.51
LBR,2008,3.22,8.62
BFA,2008,5.5,15.69
GHA,2008,1.98,12.86
DOM,2008,5.82,5.61
GRD,2008,8.42,2.05
MLT,2008,7.35,5.55
CHL,2008,7.46,11.76
GNQ,2008,7.81,13.95
ATG,2008,8.08,0.25
SYC,2008,8.14,7.71
MNG,2008,8.2,22.9
CAN,2008,8.32,9.88
VEN,2008,8.35,3.74
GAB,2008,8.47,17.34
ISL,2008,7.32,13.35
BRB,2008,8.74,0.72
USA,2008,8.72,11.4
UKR,2008,8.84,25.9
GRC,2008,8.85,2.63
KOR,2008,9.11,24.38
NZL,2008,9.31,11.9
NLD,2008,9.36,7.44
CYP,2008,9.45,5.55
SRB,2008,9.59,13.99
ZAF,2008,7.3,29.43
GEO,2008,7.2,6.52
PAN,2008,5.81,5.61
SWZ,2008,6.74,75.82
TTO,2008,5.83,12.77
KGZ,2008,5.96,13.21
NGA,2008,5.98,9.14
URY,2008,6.12,13.51
TZA,2008,6.16,11.03
PRY,2008,6.27,3.93
MDA,2008,6.31,16.84
JPN,2008,6.58,19.03
NOR,2008,6.68,10.63
SWE,2008,7.1,12.36
VCT,2008,6.69,4.33
THA,2008,6.68,7.42
AGO,2008,6.85,15.27
ARG,2008,6.84,8.59
BLZ,2008,6.8,5.7
BWA,2008,6.8,36.06
ITA,2008,6.81,4.85
BRA,2008,7.03,5.22
MUS,2008,6.97,6.44
IND,2008,1.96,16.32
EST,2008,16.5,16.24
MDG,2008,0.69,10.3
DJI,2008,0.48,11.44
JOR,2008,0.49,2.22
KIR,2008,0.48,33.45
MYS,2008,0.48,5.43
MAR,2008,0.49,9.76
OMN,2008,0.51,6.32
BRN,2008,0.57,1.81
MLI,2008,0.57,8.86
TJK,2008,0.63,4.86
SYR,2008,0.75,1.81
DZA,2008,0.38,3.31
ETH,2008,0.76,14.24
MOZ,2008,0.79,23.08
MMR,2008,0.8,3.91
SLB,2008,0.79,18.73
AZE,2008,0.85,4.79
RWA,2008,0.87,12.94
VUT,2008,1.04,21.7
BEN,2008,1.13,13.97
TCD,2008,0.48,15.67
SEN,2008,0.34,12.66
TON,2008,1.19,4.71
SDN,2008,0.0,5.19
AFG,2008,0.02,7.17
BGD,2008,0.003,5.25
IRN,2008,0.026,5.74
KWT,2008,0.0,2.92
LBY,2008,0.009,5.41
MRT,2008,0.0,5.55
PAK,2008,0.034,10.54
SAU,2008,0.0,4.88
SOM,2008,0.0,16.01
YEM,2008,0.04,7.81
SLE,2008,0.2,11.83
IDN,2008,0.067,3.06
IRQ,2008,0.14,4.86
NER,2008,0.1,10.14
TLS,2008,0.057,3.42
BTN,2008,0.16,5.52
COM,2008,0.15,8.99
EGY,2008,0.2,3.51
GIN,2008,0.2,11.75
NPL,2008,0.17,10.21
QAT,2008,1.1,6.78
BLR,2008,14.24,30.58
ERI,2008,1.32,21.27
AUS,2008,10.65,10.45
GBR,2008,10.55,7.26
SVN,2008,10.83,15.63
MNE,2008,10.89,17.32
SVK,2008,10.88,10.5
LVA,2008,11.0,21.66
HRV,2008,11.35,13.36
DEU,2008,11.39,9.06
ROU,2008,11.48,9.53
RUS,2008,11.56,35.38
POL,2008,10.45,14.41
LCA,2008,11.73,7.89
HUN,2008,11.94,19.13
AUT,2008,12.07,11.67
LUX,2008,12.05,10.81
IRL,2008,12.32,11.45
FRA,2008,12.71,13.96
LTU,2008,13.5,32.65
CZE,2008,13.64,11.33
TUN,2008,1.3,3.47
PRT,2008,11.5,8.6
DNK,2008,10.53,10.04
VNM,2008,1.83,7.35
ESP,2008,10.43,5.78
LBN,2008,1.43,3.01
PNG,2008,1.36,3.28
TUR,2008,1.35,2.47
TGO,2008,1.42,18.89
MDV,2008,1.47,3.49
ARE,2008,1.7,6.69
CAF,2008,1.76,27.29
KEN,2008,1.81,12.77
SGP,2008,1.67,8.78
MWI,2008,1.87,15.23
BHS,2008,10.08,3.4
KHM,2008,1.36,6.65
BGR,2008,10.34,9.19
FIN,2008,10.22,18.12
BEL,2008,10.15,16.58
CHE,2008,10.3,13.48
UGA,2008,10.01,16.07
ZWE,2008,1.94,31.7
FSM,2008,1.87,27.0
MEX,2007,4.65,4.3
NIC,2007,3.64,5.4
UZB,2007,3.74,9.25
ARM,2007,3.94,5.02
MKD,2007,3.88,8.07
CRI,2007,4.31,5.64
CUB,2007,4.33,9.92
PHL,2007,4.41,2.19
CPV,2007,4.58,18.15
COL,2007,4.57,4.25
PAN,2007,5.46,5.15
PER,2007,4.64,2.82
LAO,2007,4.66,7.35
SUR,2007,4.72,27.01
KAZ,2007,4.77,37.21
BIH,2007,4.94,9.36
ALB,2007,4.97,8.05
BDI,2007,5.14,16.48
CMR,2007,5.2,20.4
GUY,2007,5.42,35.06
HTI,2007,3.5,12.58
NAM,2007,3.56,23.74
COD,2007,2.14,13.42
ECU,2007,3.49,10.54
LSO,2007,2.73,61.27
BFA,2007,5.57,15.89
LKA,2007,2.12,20.08
GTM,2007,2.23,10.36
TKM,2007,2.29,13.6
ISR,2007,2.44,5.17
FJI,2007,2.54,10.05
ZMB,2007,2.57,19.84
SLV,2007,2.68,8.48
GMB,2007,2.93,11.23
GNB,2007,3.4,15.46
JAM,2007,2.87,1.85
CIV,2007,3.0,20.26
COG,2007,3.03,16.59
HND,2007,2.96,2.92
WSM,2007,3.06,15.1
BOL,2007,3.2,7.17
PRK,2007,3.18,8.93
CHN,2007,3.26,11.1
LBR,2007,3.29,8.73
STP,2007,5.52,2.42
ISL,2007,7.31,13.49
DOM,2007,5.88,5.69
BRB,2007,8.71,1.26
MLT,2007,7.71,4.58
CAN,2007,8.24,9.86
GNQ,2007,8.22,14.18
UKR,2007,8.32,26.37
ATG,2007,8.43,0.33
GAB,2007,8.57,16.0
GRD,2007,8.61,1.89
VEN,2007,8.56,4.04
THA,2007,7.37,7.74
USA,2007,8.71,11.19
GRC,2007,8.88,2.45
SYC,2007,8.91,7.55
KOR,2007,9.06,23.24
NZL,2007,9.35,11.72
SRB,2007,9.42,14.43
NLD,2007,9.51,7.06
CYP,2007,9.62,2.82
GHA,2007,1.96,12.42
MNG,2007,7.54,23.0
ZAF,2007,7.35,27.42
TTO,2007,5.85,10.5
AGO,2007,6.66,15.02
NGA,2007,6.1,9.22
TZA,2007,6.08,10.43
URY,2007,6.11,15.79
KGZ,2007,6.2,13.75
PRY,2007,6.26,4.16
VCT,2007,6.29,8.25
ARG,2007,6.57,8.17
NOR,2007,6.61,10.55
BLZ,2007,6.75,6.69
BWA,2007,7.43,37.45
JPN,2007,6.8,19.14
MDA,2007,6.93,15.28
SWE,2007,6.94,11.9
BRA,2007,6.97,5.05
SWZ,2007,6.96,74.12
GEO,2007,6.97,5.18
MUS,2007,6.98,9.96
ITA,2007,7.09,4.7
CHL,2007,7.34,10.65
BHR,2007,2.14,8.72
MNE,2007,9.68,17.57
EST,2007,17.44,17.47
BRN,2007,0.7,2.21
DJI,2007,0.47,11.5
JOR,2007,0.5,2.37
KIR,2007,0.52,32.84
MYS,2007,0.47,5.33
MAR,2007,0.48,9.86
OMN,2007,0.52,6.52
MDG,2007,0.61,10.38
MLI,2007,0.57,8.74
TJK,2007,0.63,4.81
MMR,2007,0.72,4.23
DZA,2007,0.37,3.46
SLB,2007,0.72,18.06
SYR,2007,0.74,1.77
ETH,2007,0.77,14.52
MOZ,2007,0.76,21.76
AZE,2007,0.92,5.0
RWA,2007,0.91,13.67
VUT,2007,1.03,21.96
BEN,2007,1.08,14.34
SEN,2007,0.35,12.53
SLE,2007,0.18,11.67
KHM,2007,1.28,6.89
SOM,2007,0.0,15.85
BLR,2007,13.78,30.91
AFG,2007,0.024,7.42
BGD,2007,0.003,5.48
IRN,2007,0.022,5.98
KWT,2007,0.0,2.59
LBY,2007,0.008,5.11
MRT,2007,0.0,5.71
PAK,2007,0.034,10.73
SAU,2007,0.0,4.61
SDN,2007,0.0,5.23
NPL,2007,0.16,9.97
TLS,2007,0.043,3.68
YEM,2007,0.043,7.73
IDN,2007,0.064,3.15
IRQ,2007,0.12,5.02
NER,2007,0.1,10.25
BTN,2007,0.2,5.67
COM,2007,0.18,8.86
EGY,2007,0.2,3.51
GIN,2007,0.19,11.66
QAT,2007,1.12,7.15
TCD,2007,0.46,15.91
PNG,2007,1.34,3.33
BHS,2007,10.55,3.32
SVK,2007,10.76,11.73
GBR,2007,10.87,6.71
ROU,2007,11.11,9.44
ESP,2007,11.05,5.4
LVA,2007,11.17,17.0
HRV,2007,11.28,13.38
SVN,2007,11.41,17.02
UGA,2007,11.55,17.68
DEU,2007,11.57,8.94
PRT,2007,11.61,8.33
RUS,2007,11.75,36.26
LUX,2007,12.21,11.22
AUT,2007,12.33,12.16
HUN,2007,12.51,18.89
LCA,2007,12.5,7.15
FRA,2007,12.84,13.78
IRL,2007,13.06,10.76
LTU,2007,13.62,29.87
TUR,2007,1.31,2.6
DNK,2007,10.84,9.5
CZE,2007,13.69,11.25
AUS,2007,10.54,9.82
CAF,2007,1.75,27.7
TUN,2007,1.31,3.57
ERI,2007,1.42,20.83
LBN,2007,1.44,2.99
MDV,2007,1.41,3.57
TGO,2007,1.43,19.05
IND,2007,1.59,16.69
SGP,2007,1.61,9.37
VNM,2007,1.63,7.21
ARE,2007,1.67,6.82
TON,2007,1.29,4.8
KEN,2007,1.82,13.01
MWI,2007,1.94,15.37
ZWE,2007,1.9,27.23
BEL,2007,10.13,15.08
BGR,2007,10.21,8.57
FIN,2007,10.29,16.98
POL,2007,10.31,13.27
CHE,2007,10.33,13.99
FSM,2007,1.77,27.0
LAO,2006,4.18,7.58
PHL,2006,4.39,2.45
PER,2006,4.4,2.89
CUB,2006,4.39,10.63
NIC,2006,3.66,5.27
CRI,2006,4.24,8.43
MKD,2006,3.95,8.47
ARM,2006,3.99,5.36
COL,2006,4.55,4.3
CPV,2006,4.57,18.16
MEX,2006,4.89,4.25
SUR,2006,4.6,27.29
UZB,2006,4.6,9.59
ALB,2006,4.79,7.83
BIH,2006,4.77,8.77
CMR,2006,4.99,20.92
BDI,2006,5.15,17.53
PAN,2006,5.1,5.97
GUY,2006,5.47,34.96
NAM,2006,3.51,24.52
GNB,2006,3.6,15.49
BOL,2006,2.93,7.0
HTI,2006,3.51,12.12
SLV,2006,2.7,6.99
BHR,2006,2.14,7.83
LKA,2006,2.07,18.41
GTM,2006,2.27,13.31
FJI,2006,2.41,9.86
ISR,2006,2.39,5.47
TKM,2006,2.47,15.51
ZMB,2006,2.6,21.82
COG,2006,2.7,17.16
LSO,2006,2.69,55.36
LBR,2006,3.37,8.45
DOM,2006,5.8,5.61
CHN,2006,2.89,11.88
JAM,2006,2.93,1.63
CIV,2006,3.03,20.47
HND,2006,3.01,2.97
GMB,2006,3.07,11.37
WSM,2006,3.14,15.25
PRK,2006,3.19,8.95
ECU,2006,3.43,10.39
BFA,2006,5.7,15.94
POL,2006,9.73,14.49
KAZ,2006,5.82,37.23
GNQ,2006,8.49,14.41
MDA,2006,7.41,17.51
UKR,2006,7.45,25.6
CAN,2006,8.13,9.56
THA,2006,8.05,8.26
ATG,2006,8.33,0.44
BRB,2006,8.38,1.33
VEN,2006,8.44,4.29
GRD,2006,8.52,4.94
CHL,2006,7.43,9.72
GAB,2006,8.55,16.35
USA,2006,8.64,10.96
SRB,2006,8.82,15.0
GRC,2006,8.93,2.9
KOR,2006,8.97,20.78
NZL,2006,9.29,12.63
SYC,2006,9.32,8.11
CYP,2006,9.45,3.22
NLD,2006,9.51,8.08
MLT,2006,7.4,5.83
ZAF,2006,7.31,26.54
PRY,2006,5.82,4.6
MNG,2006,6.29,23.37
TTO,2006,5.77,10.69
VCT,2006,5.93,6.16
STP,2006,5.9,2.23
GEO,2006,5.95,5.34
ARG,2006,6.18,8.53
KGZ,2006,6.22,14.38
NGA,2006,6.18,9.16
URY,2006,6.17,13.79
AGO,2006,6.31,17.06
TZA,2006,6.35,10.26
ITA,2006,7.28,4.68
BLZ,2006,6.49,7.19
NOR,2006,6.48,11.65
SWE,2006,6.77,12.08
BRA,2006,6.89,4.9
JPN,2006,7.05,18.44
BWA,2006,7.07,40.94
SWZ,2006,7.14,64.93
MUS,2006,7.15,8.99
ISL,2006,7.26,11.26
ZWE,2006,2.02,21.97
COD,2006,2.04,13.89
EST,2006,17.31,16.82
ETH,2006,0.73,14.85
TCD,2006,0.45,15.58
DJI,2006,0.46,11.72
JOR,2006,0.48,2.56
MYS,2006,0.47,5.47
MAR,2006,0.46,9.87
KIR,2006,0.59,31.46
MDG,2006,0.62,10.61
MLI,2006,0.56,8.65
OMN,2006,0.55,6.45
MOZ,2006,0.73,21.62
BTN,2006,0.4,5.85
MMR,2006,0.67,4.44
SLB,2006,0.7,16.8
TJK,2006,0.7,4.74
AZE,2006,0.81,4.85
SYR,2006,0.76,1.75
BEN,2006,1.02,14.57
RWA,2006,0.97,14.31
VUT,2006,1.0,22.18
BRN,2006,0.53,2.43
DZA,2006,0.4,3.65
KHM,2006,1.2,6.9
SDN,2006,0.0,5.3
CZE,2006,13.69,11.47
BGD,2006,0.002,5.6
IRN,2006,0.018,5.68
KWT,2006,0.0,2.72
LBY,2006,0.006,4.48
MRT,2006,0.0,5.75
PAK,2006,0.033,11.0
SAU,2006,0.0,4.33
SOM,2006,0.0,16.16
YEM,2006,0.044,7.82
SEN,2006,0.35,13.03
IDN,2006,0.06,3.22
IRQ,2006,0.11,5.15
NER,2006,0.097,10.09
TLS,2006,0.14,3.9
COM,2006,0.24,9.06
EGY,2006,0.17,3.56
GIN,2006,0.2,11.07
NPL,2006,0.16,9.74
SLE,2006,0.16,11.67
QAT,2006,1.14,6.12
AFG,2006,0.02,7.56
MDV,2006,1.25,3.77
PRT,2006,11.78,7.93
LVA,2006,10.47,19.09
SVK,2006,10.57,12.23
HRV,2006,11.05,13.7
DNK,2006,11.04,11.2
GBR,2006,11.12,6.89
SVN,2006,11.49,20.97
RUS,2006,11.59,39.07
ESP,2006,11.61,5.57
AUS,2006,10.39,9.53
LUX,2006,12.31,12.77
AUT,2006,12.4,12.49
BLR,2006,12.65,34.76
HUN,2006,12.91,19.22
LCA,2006,12.91,7.68
FRA,2006,12.96,14.36
UGA,2006,13.03,20.15
LTU,2006,13.18,29.73
IRL,2006,13.36,10.22
BHS,2006,10.41,3.57
DEU,2006,11.66,9.25
MNE,2006,10.38,19.17
ARE,2006,1.62,6.92
CHE,2006,10.28,13.9
TUN,2006,1.3,3.65
ERI,2006,1.45,21.16
IND,2006,1.37,17.14
PNG,2006,1.37,3.19
TGO,2006,1.38,19.19
TON,2006,1.42,4.73
VNM,2006,1.45,7.04
LBN,2006,1.46,2.67
SGP,2006,1.55,9.9
TUR,2006,1.27,2.79
CAF,2006,1.7,28.14
KEN,2006,1.86,12.68
FIN,2006,10.19,18.25
BGR,2006,10.0,9.46
BEL,2006,9.97,16.58
ROU,2006,10.19,10.63
GHA,2006,1.91,12.35
FSM,2006,1.75,27.37
MWI,2006,1.83,14.83
COL,2005,4.42,4.33
LAO,2005,3.68,7.74
NIC,2005,3.65,6.07
MNG,2005,3.82,23.91
ARM,2005,3.89,3.81
MKD,2005,4.11,7.65
CRI,2005,4.19,6.69
CPV,2005,4.27,18.49
PER,2005,4.33,2.96
UZB,2005,4.27,10.22
SUR,2005,4.56,26.99
PHL,2005,4.45,2.36
ALB,2005,4.46,7.68
BIH,2005,4.49,8.95
CUB,2005,4.5,11.1
NAM,2005,3.56,24.69
CMR,2005,4.79,20.56
GEO,2005,4.81,5.45
PAN,2005,4.96,5.31
ZWE,2005,2.03,21.97
MEX,2005,5.13,4.35
PRY,2005,5.54,4.61
HTI,2005,3.53,11.99
LSO,2005,2.67,46.74
GUY,2005,5.62,35.58
FJI,2005,2.26,10.16
GTM,2005,2.27,14.16
COG,2005,2.43,17.36
ISR,2005,2.35,6.62
CHN,2005,2.57,12.83
TKM,2005,2.58,15.81
BOL,2005,2.68,7.41
SLV,2005,2.72,8.2
ZMB,2005,2.75,22.13
GNB,2005,3.54,15.61
CIV,2005,3.05,20.35
HND,2005,2.97,2.98
JAM,2005,2.98,1.6
PRK,2005,3.18,9.04
GMB,2005,3.19,11.44
WSM,2005,3.27,15.26
ECU,2005,3.45,10.3
LBR,2005,3.42,8.28
COD,2005,3.48,14.06
DOM,2005,5.59,5.59
SWZ,2005,7.09,60.09
TTO,2005,5.6,12.05
MDA,2005,7.63,17.06
ATG,2005,7.65,1.32
ITA,2005,7.88,4.81
CAN,2005,7.97,10.58
VEN,2005,8.02,4.77
BRB,2005,8.14,2.17
THA,2005,8.06,8.52
GAB,2005,8.16,15.66
GRD,2005,8.28,3.22
GNQ,2005,8.4,14.11
AGO,2005,5.72,16.26
SYC,2005,8.46,8.43
USA,2005,8.55,10.69
GRC,2005,8.85,2.87
KOR,2005,9.01,23.97
NZL,2005,9.28,12.52
POL,2005,9.34,15.22
NLD,2005,9.55,8.26
LVA,2005,9.67,22.07
CYP,2005,9.85,2.34
ZAF,2005,7.23,27.46
MUS,2005,7.24,8.65
JPN,2005,7.15,18.81
ARG,2005,5.73,8.54
BFA,2005,5.67,15.87
VCT,2005,5.72,9.76
TZA,2005,5.89,10.3
URY,2005,6.06,13.26
BLZ,2005,6.17,7.09
KGZ,2005,6.18,14.55
NGA,2005,6.23,9.21
STP,2005,6.29,2.12
NOR,2005,6.35,11.44
BWA,2005,6.58,43.43
KAZ,2005,6.58,38.59
SWE,2005,6.62,12.69
BRA,2005,6.82,4.96
MLT,2005,6.9,4.37
UKR,2005,6.91,28.27
ISL,2005,6.99,10.81
CHL,2005,7.07,9.49
BHR,2005,2.13,9.62
BDI,2005,5.14,17.94
GHA,2005,2.05,12.16
AZE,2005,0.72,4.69
DJI,2005,0.46,12.02
JOR,2005,0.47,2.75
MYS,2005,0.5,5.65
MAR,2005,0.46,10.05
KIR,2005,0.57,32.52
MDG,2005,0.64,10.68
MLI,2005,0.55,8.75
MMR,2005,0.63,4.49
OMN,2005,0.57,6.16
BTN,2005,0.67,5.99
DZA,2005,0.44,3.82
ETH,2005,0.69,15.34
MOZ,2005,0.73,21.43
SLB,2005,0.72,16.79
SYR,2005,0.79,1.78
TJK,2005,0.75,4.71
ERI,2005,0.89,20.95
RWA,2005,0.97,14.97
VUT,2005,1.0,21.42
BEN,2005,1.06,14.69
TCD,2005,0.43,15.64
SEN,2005,0.35,13.26
IND,2005,1.24,17.01
SDN,2005,0.0,5.39
AFG,2005,0.021,7.64
BGD,2005,0.002,5.57
IRN,2005,0.013,5.97
KWT,2005,0.0,2.7
LBY,2005,0.026,4.58
MRT,2005,0.0,5.73
PAK,2005,0.028,10.97
SAU,2005,0.0,4.11
SOM,2005,0.0,16.61
YEM,2005,0.046,7.97
GIN,2005,0.25,10.41
IDN,2005,0.058,3.33
IRQ,2005,0.096,5.13
NER,2005,0.096,10.12
EGY,2005,0.16,3.59
NPL,2005,0.17,9.98
SLE,2005,0.16,10.93
TLS,2005,0.25,4.31
BRN,2005,0.29,1.94
COM,2005,0.31,9.1
KHM,2005,1.07,6.81
EST,2005,16.66,19.05
MDV,2005,1.21,3.83
AUT,2005,12.27,13.28
DNK,2005,11.16,11.1
SVN,2005,11.15,20.64
HRV,2005,11.25,15.03
RUS,2005,11.34,43.56
GBR,2005,11.29,6.94
ESP,2005,11.7,5.97
DEU,2005,11.77,9.81
PRT,2005,12.02,7.91
ROU,2005,10.43,10.2
LUX,2005,12.39,10.87
LTU,2005,12.62,36.88
LCA,2005,12.63,7.41
FRA,2005,13.02,14.82
UGA,2005,13.13,20.84
HUN,2005,13.16,20.48
IRL,2005,13.33,10.98
CZE,2005,13.55,12.61
QAT,2005,1.15,6.27
SVK,2005,10.38,11.56
BLR,2005,12.01,37.25
CHE,2005,10.31,14.06
CAF,2005,1.68,27.24
AUS,2005,10.15,10.07
PNG,2005,1.33,3.19
TUR,2005,1.34,2.96
TUN,2005,1.31,3.69
VNM,2005,1.31,6.94
TON,2005,1.36,4.79
LBN,2005,1.53,2.89
SGP,2005,1.49,9.96
ARE,2005,1.62,6.76
KEN,2005,1.68,12.92
BGR,2005,9.98,9.56
TGO,2005,1.21,18.75
BHS,2005,10.1,3.15
FIN,2005,10.0,16.88
BEL,2005,10.06,16.74
FSM,2005,1.89,27.65
LKA,2005,1.82,28.58
MWI,2005,1.68,14.32
SUR,2004,4.55,26.63
CPV,2004,4.01,18.28
UZB,2004,3.99,9.81
ALB,2004,4.15,4.86
CRI,2004,4.11,8.37
BIH,2004,4.29,8.4
COL,2004,4.31,4.7
PER,2004,4.27,3.06
MKD,2004,4.35,9.43
PHL,2004,4.53,2.2
TTO,2004,5.36,12.58
CMR,2004,4.63,19.37
CUB,2004,4.58,12.02
COD,2004,4.73,14.23
PAN,2004,4.92,6.07
TZA,2004,4.94,10.87
AGO,2004,5.12,17.19
MEX,2004,5.05,4.26
PRY,2004,5.07,4.64
BDI,2004,5.31,18.55
NIC,2004,3.68,6.43
GEO,2004,3.94,6.4
NAM,2004,3.58,23.38
HND,2004,2.92,2.97
VCT,2004,5.47,5.76
BOL,2004,2.42,7.53
CHN,2004,2.39,13.39
FSM,2004,2.36,27.11
TKM,2004,2.59,15.19
LSO,2004,2.67,47.06
ZMB,2004,2.7,22.47
SLV,2004,2.79,7.34
MNG,2004,2.85,23.92
JAM,2004,2.95,1.72
LAO,2004,3.58,7.8
CIV,2004,3.12,21.21
PRK,2004,3.13,9.23
GNB,2004,3.21,16.2
GMB,2004,3.3,11.63
ECU,2004,3.5,9.43
HTI,2004,3.54,11.66
LBR,2004,3.45,8.48
WSM,2004,3.47,15.14
ARM,2004,3.57,3.64
ARG,2004,5.5,8.68
ZAF,2004,7.16,27.91
BFA,2004,5.61,15.82
ITA,2004,8.57,5.14
SWZ,2004,7.58,57.92
BRB,2004,7.7,0.96
CAN,2004,7.84,10.27
THA,2004,7.96,9.89
GNQ,2004,8.18,14.62
SYC,2004,8.24,9.33
GRD,2004,8.25,4.89
USA,2004,8.48,10.79
GRC,2004,8.79,2.48
URY,2004,5.73,13.87
LVA,2004,8.95,22.05
NZL,2004,9.14,12.17
POL,2004,9.11,15.25
KOR,2004,9.29,23.08
NLD,2004,9.52,8.13
CYP,2004,9.64,0.82
FIN,2004,9.72,18.86
BHS,2004,9.79,3.34
GTM,2004,2.29,13.94
VEN,2004,7.45,5.06
GAB,2004,7.52,15.21
MDA,2004,7.4,16.57
MUS,2004,7.3,7.95
DOM,2004,5.78,5.32
GUY,2004,5.82,37.31
BLZ,2004,6.09,8.84
BWA,2004,6.09,40.94
KGZ,2004,6.09,14.21
MLT,2004,6.18,4.85
NGA,2004,6.25,9.25
NOR,2004,6.21,11.74
KAZ,2004,6.39,39.28
STP,2004,6.62,2.16
SWE,2004,6.64,11.94
UKR,2004,6.71,28.37
BRA,2004,6.77,4.73
CHL,2004,6.75,10.01
ISL,2004,6.76,11.48
ATG,2004,6.92,1.95
JPN,2004,7.06,18.42
ISR,2004,2.35,6.12
COG,2004,2.3,18.25
AFG,2004,0.016,7.77
OMN,2004,0.57,6.12
JOR,2004,0.45,2.99
MYS,2004,0.52,5.81
MAR,2004,0.45,10.21
AZE,2004,0.62,4.5
ERI,2004,0.63,20.88
ETH,2004,0.59,15.79
KIR,2004,0.59,31.99
MLI,2004,0.56,8.57
MMR,2004,0.61,4.63
BTN,2004,0.75,6.12
TCD,2004,0.43,15.65
MDG,2004,0.69,10.95
MOZ,2004,0.74,21.12
SLB,2004,0.65,16.46
SYR,2004,0.83,1.8
TJK,2004,0.81,4.55
KHM,2004,0.96,6.6
RWA,2004,0.96,16.2
BEN,2004,1.12,14.85
QAT,2004,1.14,6.63
TLS,2004,0.37,4.38
DZA,2004,0.43,3.97
VUT,2004,1.08,21.94
SDN,2004,0.0,5.29
FJI,2004,2.12,10.04
BGD,2004,0.002,5.56
IRN,2004,0.01,6.45
KWT,2004,0.0,2.74
LBY,2004,0.027,4.67
MRT,2004,0.0,6.01
PAK,2004,0.023,11.21
SAU,2004,0.0,3.91
SOM,2004,0.0,16.83
YEM,2004,0.048,8.12
SEN,2004,0.35,13.44
BRN,2004,0.11,1.78
EGY,2004,0.15,3.66
IDN,2004,0.054,3.47
IRQ,2004,0.074,5.16
NER,2004,0.092,9.83
NPL,2004,0.17,9.83
SLE,2004,0.17,10.96
COM,2004,0.34,9.33
GIN,2004,0.27,10.44
TGO,2004,1.1,18.69
DJI,2004,0.46,12.12
IND,2004,1.19,16.82
LUX,2004,12.49,9.81
ESP,2004,11.43,6.42
GBR,2004,11.41,7.23
BLR,2004,11.5,36.05
HRV,2004,11.77,15.1
DEU,2004,11.82,10.38
LTU,2004,11.94,38.08
AUT,2004,12.23,13.63
PRT,2004,12.15,7.45
LCA,2004,12.45,7.26
RUS,2004,11.2,43.92
FRA,2004,13.16,15.29
HUN,2004,13.15,21.6
UGA,2004,13.21,20.52
IRL,2004,13.31,11.07
CZE,2004,13.65,13.12
EST,2004,14.58,23.15
GHA,2004,2.05,11.91
ZWE,2004,2.01,21.47
VNM,2004,1.16,7.01
DNK,2004,11.35,11.11
BHR,2004,2.14,9.78
ROU,2004,10.99,10.77
LBN,2004,1.62,2.88
SVN,2004,10.92,22.29
PNG,2004,1.34,3.17
TUN,2004,1.27,3.78
TUR,2004,1.42,3.16
TON,2004,1.38,5.01
MWI,2004,1.53,15.04
SGP,2004,1.45,10.34
KEN,2004,1.61,12.22
MDV,2004,1.28,3.83
ARE,2004,1.62,6.78
LKA,2004,1.76,22.08
AUS,2004,10.04,9.21
BEL,2004,10.1,16.67
SVK,2004,10.24,11.86
BGR,2004,10.33,10.52
CHE,2004,10.51,13.65
CAF,2004,1.67,28.05
COL,2003,4.32,4.81
CUB,2003,4.46,11.98
CMR,2003,4.52,19.49
MKD,2003,4.28,8.27
CPV,2003,3.98,18.11
PER,2003,4.17,3.24
CRI,2003,4.13,8.14
BIH,2003,4.09,8.45
SUR,2003,4.52,27.36
BLZ,2003,5.63,8.17
PAN,2003,4.93,6.32
AGO,2003,4.62,17.47
PHL,2003,4.56,2.27
TZA,2003,4.68,11.89
PRY,2003,4.83,3.71
MEX,2003,5.01,4.27
VCT,2003,5.09,6.42
TTO,2003,5.14,12.9
ARG,2003,5.39,9.66
BFA,2003,5.47,15.78
ALB,2003,3.76,4.94
UZB,2003,3.78,10.39
PRK,2003,3.1,9.43
NIC,2003,3.62,6.65
JAM,2003,2.94,1.87
CHN,2003,2.38,13.0
TKM,2003,2.52,15.31
LSO,2003,2.67,45.68
FSM,2003,2.66,26.3
SLV,2003,2.85,7.22
ZMB,2003,2.78,21.51
HND,2003,2.89,3.04
GNB,2003,2.97,16.28
NAM,2003,3.64,25.46
CIV,2003,3.12,21.73
ARM,2003,3.15,2.49
GMB,2003,3.29,11.52
GEO,2003,3.52,5.69
LAO,2003,3.47,7.97
LBR,2003,3.46,8.27
WSM,2003,3.48,15.59
ECU,2003,3.59,8.89
HTI,2003,3.59,12.01
BDI,2003,5.59,19.38
GTM,2003,2.31,13.86
URY,2003,5.69,14.16
USA,2003,8.4,10.57
GNQ,2003,7.68,15.31
SWZ,2003,7.65,55.43
THA,2003,7.72,10.15
CAN,2003,7.76,10.89
SYC,2003,8.07,9.13
LVA,2003,8.16,24.46
GRD,2003,8.25,2.57
GRC,2003,8.38,2.7
POL,2003,8.76,14.91
GUY,2003,5.92,38.13
NZL,2003,9.06,12.95
ITA,2003,9.18,5.27
FIN,2003,9.48,18.92
KOR,2003,9.46,22.27
NLD,2003,9.59,8.01
CYP,2003,9.73,2.06
BHS,2003,9.81,2.51
AUS,2003,9.88,9.61
GAB,2003,7.53,16.6
BRB,2003,7.4,0.8
MUS,2003,7.26,7.64
ZAF,2003,7.17,28.67
COD,2003,6.0,14.4
DOM,2003,6.05,5.33
KGZ,2003,5.98,15.16
MLT,2003,6.04,4.48
NOR,2003,6.05,10.96
BWA,2003,6.11,40.34
KAZ,2003,6.13,39.05
CHL,2003,6.25,9.69
NGA,2003,6.22,9.16
ATG,2003,6.46,1.44
MDA,2003,6.55,17.13
ISL,2003,6.59,12.01
STP,2003,6.72,1.99
BRA,2003,6.84,4.69
SWE,2003,6.76,11.68
UKR,2003,6.82,28.96
JPN,2003,6.99,19.52
VEN,2003,7.11,5.6
ISR,2003,2.34,6.4
AFG,2003,0.013,7.72
COG,2003,2.34,18.41
MLI,2003,0.57,8.55
JOR,2003,0.46,3.13
MYS,2003,0.53,5.91
MAR,2003,0.45,10.34
OMN,2003,0.53,6.43
AZE,2003,0.56,4.04
BTN,2003,0.59,6.35
ERI,2003,0.61,20.74
ETH,2003,0.55,16.34
KIR,2003,0.63,32.47
MMR,2003,0.59,4.67
SEN,2003,0.36,13.61
SLB,2003,0.63,17.58
MDG,2003,0.74,10.98
MOZ,2003,0.73,20.88
KHM,2003,0.83,6.46
RWA,2003,0.95,18.36
SYR,2003,0.87,1.8
TJK,2003,0.85,4.55
TGO,2003,1.0,18.57
VNM,2003,1.03,6.95
TLS,2003,0.39,4.73
TCD,2003,0.41,15.95
IND,2003,1.14,17.25
SOM,2003,0.0,16.64
BOL,2003,2.25,7.72
BGD,2003,0.002,5.81
IRN,2003,0.007,6.75
IRQ,2003,0.039,5.21
KWT,2003,0.0,2.69
LBY,2003,0.027,5.34
MRT,2003,0.0,5.93
PAK,2003,0.018,11.28
SAU,2003,0.0,4.02
SDN,2003,0.0,5.35
DZA,2003,0.38,4.12
BRN,2003,0.11,1.57
EGY,2003,0.14,3.71
IDN,2003,0.052,3.55
NER,2003,0.094,10.02
YEM,2003,0.06,8.09
NPL,2003,0.17,9.95
SLE,2003,0.18,11.0
COM,2003,0.27,9.84
GIN,2003,0.27,10.23
BEN,2003,1.13,14.81
DJI,2003,0.46,12.06
QAT,2003,1.07,6.88
LUX,2003,12.75,12.85
LTU,2003,11.46,40.19
BLR,2003,11.68,37.09
LCA,2003,11.78,7.7
DEU,2003,12.0,10.79
AUT,2003,12.17,14.25
ROU,2003,12.16,11.57
PRT,2003,12.33,8.7
HRV,2003,12.67,15.13
EST,2003,13.11,22.32
DNK,2003,11.37,10.31
HUN,2003,13.26,21.79
UGA,2003,13.38,20.38
FRA,2003,13.5,15.75
IRL,2003,13.61,11.26
CZE,2003,13.69,13.69
FJI,2003,2.05,10.48
GHA,2003,2.09,11.44
ZWE,2003,2.13,20.23
VUT,2003,1.15,22.47
GBR,2003,11.4,7.03
BHR,2003,2.22,9.93
RUS,2003,10.98,45.35
CAF,2003,1.68,29.06
ESP,2003,10.93,6.42
TON,2003,1.26,5.08
MDV,2003,1.44,4.55
PNG,2003,1.36,3.11
MWI,2003,1.53,15.67
TUR,2003,1.53,3.3
KEN,2003,1.6,13.2
ARE,2003,1.61,6.8
TUN,2003,1.24,3.85
LBN,2003,1.67,2.86
LKA,2003,1.65,21.2
MNG,2003,1.93,23.84
BEL,2003,10.2,17.89
SVK,2003,10.23,13.01
SVN,2003,10.48,23.11
BGR,2003,10.64,11.18
CHE,2003,10.74,13.84
SGP,2003,1.68,11.07
CRI,2002,4.16,7.25
PER,2002,4.05,3.17
MKD,2002,4.07,9.0
ECU,2002,3.74,8.36
BIH,2002,4.0,8.53
CPV,2002,3.84,18.13
ALB,2002,3.75,4.82
CUB,2002,4.34,12.91
MEX,2002,5.01,4.15
PHL,2002,4.57,2.11
CMR,2002,4.44,19.23
COL,2002,4.37,4.88
SUR,2002,4.38,27.68
AGO,2002,4.47,17.24
TTO,2002,4.81,14.85
PAN,2002,4.88,5.88
PRY,2002,4.94,3.75
VCT,2002,4.93,7.07
TZA,2002,4.88,12.79
NAM,2002,3.65,26.29
UZB,2002,3.63,11.3
FSM,2002,2.93,26.28
HTI,2002,3.61,12.09
ZMB,2002,2.85,22.32
BLZ,2002,5.21,8.09
GTM,2002,2.35,13.67
ISR,2002,2.37,5.83
TKM,2002,2.45,15.16
CHN,2002,2.48,12.52
LSO,2002,2.71,42.55
SLV,2002,2.84,5.92
HND,2002,2.81,3.02
ARM,2002,2.89,3.1
WSM,2002,3.47,15.8
PRK,2002,2.9,9.84
GNB,2002,2.98,16.74
JAM,2002,3.0,1.95
CIV,2002,3.12,22.07
GMB,2002,3.21,11.48
LAO,2002,3.33,8.22
GEO,2002,3.36,7.34
LBR,2002,3.5,8.35
NIC,2002,3.53,5.85
BHR,2002,2.34,9.19
AUS,2002,9.78,10.38
BFA,2002,5.46,15.91
ZAF,2002,7.24,28.02
MUS,2002,7.3,10.97
VEN,2002,7.28,6.18
LVA,2002,7.46,27.12
THA,2002,7.54,10.45
CAN,2002,7.72,10.53
SYC,2002,7.97,8.84
GAB,2002,8.15,16.85
GRD,2002,8.15,3.42
GRC,2002,8.28,2.29
GUY,2002,5.64,39.77
POL,2002,8.27,15.24
USA,2002,8.33,10.63
SWZ,2002,8.52,51.14
NZL,2002,8.9,12.16
CYP,2002,8.97,2.03
FIN,2002,9.17,19.18
ITA,2002,9.41,5.41
NLD,2002,9.67,8.39
GNQ,2002,7.24,15.81
BRB,2002,7.24,0.29
UKR,2002,7.09,30.55
JPN,2002,7.03,17.88
ARG,2002,5.72,10.28
COD,2002,5.75,14.22
KGZ,2002,5.71,16.19
BDI,2002,5.83,20.51
MLT,2002,5.85,4.89
NOR,2002,5.81,11.01
MDA,2002,5.75,16.59
KAZ,2002,5.9,38.31
URY,2002,6.05,17.9
BWA,2002,6.15,42.19
CHL,2002,6.17,9.68
NGA,2002,6.18,9.21
STP,2002,6.28,2.4
DOM,2002,6.39,4.9
ISL,2002,6.46,11.75
ATG,2002,6.6,1.25
SWE,2002,6.75,12.62
BRA,2002,6.98,4.77
COG,2002,2.34,19.77
IND,2002,1.08,18.16
ZWE,2002,2.17,20.34
ETH,2002,0.56,16.93
SLB,2002,0.45,17.21
TLS,2002,0.42,4.64
AZE,2002,0.52,3.88
DJI,2002,0.45,11.96
JOR,2002,0.46,3.2
MYS,2002,0.52,5.77
MMR,2002,0.46,4.78
OMN,2002,0.48,6.29
ERI,2002,0.63,22.07
MLI,2002,0.58,8.65
MAR,2002,0.45,10.38
BTN,2002,0.73,6.46
KHM,2002,0.74,6.58
KIR,2002,0.73,34.5
MOZ,2002,0.74,20.83
MDG,2002,0.87,10.78
SYR,2002,0.9,1.9
TJK,2002,0.88,4.63
VNM,2002,0.9,6.98
QAT,2002,0.97,7.37
MNG,2002,2.09,22.89
TCD,2002,0.4,15.78
TGO,2002,1.0,18.08
SDN,2002,0.0,5.45
AFG,2002,0.006,7.85
BGD,2002,0.002,6.1
IRN,2002,0.004,7.33
KWT,2002,0.0,2.9
LBY,2002,0.007,5.48
MRT,2002,0.0,6.1
PAK,2002,0.017,11.26
SAU,2002,0.0,3.93
SOM,2002,0.0,16.57
EGY,2002,0.14,3.74
DZA,2002,0.31,4.43
IDN,2002,0.054,3.64
IRQ,2002,0.072,5.18
NPL,2002,0.14,10.14
NER,2002,0.096,9.72
YEM,2002,0.067,8.21
BRN,2002,0.24,1.5
COM,2002,0.19,10.22
GIN,2002,0.21,10.12
SLE,2002,0.17,10.74
RWA,2002,0.99,20.73
SEN,2002,0.37,13.73
BEN,2002,1.14,14.86
LUX,2002,13.03,13.22
ESP,2002,11.17,6.31
EST,2002,11.3,25.76
GBR,2002,11.31,7.48
DNK,2002,11.46,11.18
LCA,2002,11.65,7.4
DEU,2002,12.21,11.0
AUT,2002,12.27,15.11
ROU,2002,12.26,12.32
HRV,2002,13.09,14.9
SVN,2002,11.0,22.94
HUN,2002,13.23,22.79
UGA,2002,13.72,20.48
CZE,2002,13.76,12.37
FRA,2002,13.84,15.59
IRL,2002,13.92,11.53
FJI,2002,1.97,10.96
BOL,2002,2.12,7.93
GHA,2002,2.12,10.96
VUT,2002,1.1,22.85
BLR,2002,11.23,38.72
PRT,2002,12.45,9.32
CHE,2002,10.93,15.98
KEN,2002,1.68,13.91
BGR,2002,10.9,12.97
TON,2002,1.26,5.0
MDV,2002,1.47,4.69
PNG,2002,1.49,2.98
MWI,2002,1.55,16.54
TUR,2002,1.57,3.43
ARE,2002,1.61,7.36
CAF,2002,1.7,30.43
TUN,2002,1.23,3.88
LBN,2002,1.75,2.88
KOR,2002,10.22,17.81
LKA,2002,1.73,21.46
RUS,2002,10.66,46.11
SVK,2002,10.46,12.74
LTU,2002,10.83,42.26
BEL,2002,10.18,17.12
BHS,2002,10.0,2.44
SGP,2002,1.89,11.27
CRI,2001,4.24,5.57
NAM,2001,3.71,26.74
ECU,2001,3.84,7.3
MKD,2001,3.81,11.87
BIH,2001,3.86,8.35
CPV,2001,3.74,18.03
LAO,2001,3.92,8.58
AGO,2001,4.24,17.46
CMR,2001,4.2,19.43
PHL,2001,4.61,1.87
CUB,2001,4.21,13.72
PER,2001,4.17,3.18
SUR,2001,4.32,27.55
COL,2001,4.51,5.23
TTO,2001,4.59,16.05
BLZ,2001,4.77,8.19
PAN,2001,4.94,6.16
VCT,2001,4.86,5.92
KGZ,2001,4.99,16.4
HTI,2001,3.64,12.36
LBR,2001,3.57,8.35
GTM,2001,2.41,14.09
ALB,2001,3.62,4.74
UZB,2001,3.47,11.73
ISR,2001,2.42,6.31
BHR,2001,2.52,8.9
FSM,2001,2.62,27.26
TKM,2001,2.56,14.69
CHN,2001,2.67,13.34
HND,2001,2.68,2.99
LSO,2001,2.75,40.41
SLV,2001,2.76,7.42
ARM,2001,2.87,3.07
ZMB,2001,2.95,22.69
CIV,2001,3.0,22.93
PRK,2001,3.0,9.93
GMB,2001,3.1,11.33
JAM,2001,3.18,2.01
GNB,2001,3.26,17.16
WSM,2001,3.41,16.17
GEO,2001,3.55,6.1
NIC,2001,3.47,6.21
MDA,2001,5.02,17.68
NLD,2001,9.89,8.01
MEX,2001,5.07,4.16
USA,2001,8.26,10.33
JPN,2001,7.37,17.46
MUS,2001,7.38,9.84
ZAF,2001,7.41,26.92
CAN,2001,7.66,10.86
SYC,2001,7.65,9.61
VEN,2001,7.75,6.52
GRD,2001,7.98,0.37
POL,2001,8.05,15.29
GRC,2001,8.22,2.52
SWZ,2001,8.5,45.08
BRB,2001,7.24,1.52
CYP,2001,8.7,1.98
GAB,2001,8.93,18.31
NZL,2001,8.87,13.52
FIN,2001,9.02,21.19
ITA,2001,9.57,5.37
AUS,2001,9.85,11.19
COG,2001,2.26,21.87
THA,2001,7.2,10.45
UKR,2001,7.13,31.21
GUY,2001,5.19,39.86
BDI,2001,6.21,21.64
PRY,2001,5.32,3.48
COD,2001,5.61,14.37
MLT,2001,5.66,6.49
NOR,2001,5.68,13.17
STP,2001,5.75,2.37
TZA,2001,5.73,14.21
KAZ,2001,5.76,39.37
BWA,2001,6.03,44.68
CHL,2001,6.13,10.38
NGA,2001,6.21,9.34
LVA,2001,7.09,27.51
ARG,2001,6.27,10.31
ISL,2001,6.33,12.44
DOM,2001,6.49,4.75
SWE,2001,6.53,12.76
URY,2001,6.64,13.23
ATG,2001,6.72,1.88
GNQ,2001,6.84,17.63
BRA,2001,7.13,4.88
ZWE,2001,2.26,19.53
BFA,2001,5.12,16.38
MNG,2001,2.25,23.71
MLI,2001,0.58,8.68
DJI,2001,0.44,11.71
MAR,2001,0.44,10.75
OMN,2001,0.44,6.65
TLS,2001,0.43,4.94
AZE,2001,0.51,3.72
JOR,2001,0.46,3.37
MYS,2001,0.52,5.83
SLB,2001,0.52,17.05
ETH,2001,0.59,17.51
KHM,2001,0.66,6.76
BEN,2001,1.11,14.83
ERI,2001,0.7,22.48
KIR,2001,0.76,35.26
MOZ,2001,0.76,20.79
QAT,2001,0.81,7.6
VNM,2001,0.83,7.09
SYR,2001,0.93,1.91
TJK,2001,0.89,4.83
IND,2001,1.0,18.68
MDG,2001,1.02,10.56
MMR,2001,0.33,4.86
TCD,2001,0.34,15.78
BRN,2001,0.34,1.29
DZA,2001,0.28,4.58
AFG,2001,0.002,7.89
BGD,2001,0.003,6.45
IRN,2001,0.003,7.69
KWT,2001,0.0,2.73
LBY,2001,0.007,5.4
MRT,2001,0.0,6.25
PAK,2001,0.018,11.2
SAU,2001,0.0,3.86
SOM,2001,0.0,16.52
SDN,2001,0.0,5.44
COM,2001,0.11,10.63
EGY,2001,0.14,3.75
IDN,2001,0.058,3.71
IRQ,2001,0.13,5.19
NPL,2001,0.11,10.39
NER,2001,0.095,9.78
YEM,2001,0.079,8.41
GIN,2001,0.2,9.78
SLE,2001,0.16,10.46
RWA,2001,0.99,22.95
SEN,2001,0.35,13.93
BTN,2001,1.08,6.82
GBR,2001,11.16,7.5
ROU,2001,11.41,10.76
SVN,2001,11.42,24.62
ESP,2001,11.36,6.09
DNK,2001,11.51,12.35
BLR,2001,11.81,38.33
AUT,2001,12.53,14.69
DEU,2001,12.54,11.12
PRT,2001,12.63,6.54
HUN,2001,12.9,23.76
CHE,2001,11.08,15.03
HRV,2001,13.19,15.33
LUX,2001,13.27,13.52
CZE,2001,13.77,13.23
FRA,2001,14.0,15.37
UGA,2001,14.03,21.06
IRL,2001,14.2,12.47
FJI,2001,2.0,11.36
BOL,2001,2.13,8.05
TGO,2001,1.06,17.74
LCA,2001,11.24,8.08
GHA,2001,2.13,10.46
SVK,2001,10.87,12.34
CAF,2001,1.73,30.74
VUT,2001,1.09,22.78
TON,2001,1.2,5.1
TUN,2001,1.24,3.89
MDV,2001,1.55,5.08
MWI,2001,1.59,17.92
PNG,2001,1.55,3.03
TUR,2001,1.61,3.87
ARE,2001,1.6,7.89
SGP,2001,2.09,10.57
KEN,2001,1.68,14.69
LBN,2001,1.82,2.91
BEL,2001,10.2,18.45
RUS,2001,10.28,47.09
BHS,2001,10.42,2.73
EST,2001,10.43,26.14
LTU,2001,10.36,42.1
KOR,2001,10.45,14.78
BGR,2001,10.68,13.16
LKA,2001,1.66,22.38
MKD,2000,3.81,8.66
AGO,2000,4.24,17.56
LAO,2000,3.92,8.65
BIH,2000,3.86,8.13
CPV,2000,3.74,18.18
ECU,2000,3.84,6.84
NAM,2000,3.71,27.49
CRI,2000,4.24,6.85
CMR,2000,4.2,19.12
COL,2000,4.51,5.3
CUB,2000,4.21,15.63
PER,2000,4.17,3.43
SUR,2000,4.32,24.96
HTI,2000,3.64,12.72
PHL,2000,4.61,2.26
TTO,2000,4.59,16.19
BLZ,2000,4.77,10.01
PAN,2000,4.94,5.9
VCT,2000,4.86,6.45
KGZ,2000,4.99,17.6
LBR,2000,3.57,8.79
WSM,2000,3.41,16.26
ALB,2000,3.62,5.23
UZB,2000,3.47,12.05
GTM,2000,2.41,13.48
ISR,2000,2.42,6.76
BHR,2000,2.52,7.04
FSM,2000,2.62,27.98
TKM,2000,2.56,13.85
CHN,2000,2.67,14.85
HND,2000,2.68,3.01
LSO,2000,2.75,42.6
SLV,2000,2.76,6.73
ARM,2000,2.87,3.28
MDA,2000,5.02,16.32
CIV,2000,3.0,23.99
PRK,2000,3.0,10.29
GMB,2000,3.1,11.14
JAM,2000,3.18,2.05
GNB,2000,3.26,17.54
GEO,2000,3.55,6.6
NIC,2000,3.47,6.28
ZMB,2000,2.95,24.03
AUS,2000,9.85,11.85
BFA,2000,5.12,16.93
GRC,2000,8.22,2.86
THA,2000,7.2,11.59
JPN,2000,7.37,18.08
MUS,2000,7.38,11.47
ZAF,2000,7.41,26.56
CAN,2000,7.66,10.71
SYC,2000,7.65,9.76
VEN,2000,7.75,6.35
GRD,2000,7.98,2.12
POL,2000,8.05,15.31
USA,2000,8.26,10.02
UKR,2000,7.13,33.48
SWZ,2000,8.5,40.57
CYP,2000,8.7,1.92
GAB,2000,8.93,19.36
NZL,2000,8.87,12.37
FIN,2000,9.02,21.74
ITA,2000,9.57,5.53
COG,2000,2.26,24.75
BRB,2000,7.24,2.6
LVA,2000,7.09,29.63
MEX,2000,5.07,3.86
CHL,2000,6.13,10.52
GUY,2000,5.19,35.75
PRY,2000,5.32,3.64
COD,2000,5.61,14.5
MLT,2000,5.66,6.01
NOR,2000,5.68,13.02
STP,2000,5.75,2.24
TZA,2000,5.73,15.56
KAZ,2000,5.76,39.43
BWA,2000,6.03,46.25
BDI,2000,6.21,23.43
BRA,2000,7.13,4.47
NGA,2000,6.21,9.18
ARG,2000,6.27,9.2
ISL,2000,6.33,12.68
DOM,2000,6.49,4.9
SWE,2000,6.53,12.21
URY,2000,6.64,14.5
ATG,2000,6.72,2.01
GNQ,2000,6.84,19.35
ZWE,2000,2.26,19.98
TGO,2000,1.06,17.28
MNG,2000,2.25,23.63
ETH,2000,0.59,18.39
SEN,2000,0.35,14.44
DJI,2000,0.44,12.06
MAR,2000,0.44,10.85
OMN,2000,0.44,6.71
TLS,2000,0.43,4.88
AZE,2000,0.51,3.42
JOR,2000,0.46,3.5
MYS,2000,0.52,6.1
SLB,2000,0.52,17.37
MLI,2000,0.58,8.78
RWA,2000,0.99,25.56
KHM,2000,0.66,6.84
ERI,2000,0.7,23.41
KIR,2000,0.76,35.64
MOZ,2000,0.76,20.91
QAT,2000,0.81,7.62
VNM,2000,0.83,7.17
SYR,2000,0.93,2.01
TJK,2000,0.89,5.08
IND,2000,1.0,19.09
MMR,2000,0.33,5.14
TCD,2000,0.34,15.71
BRN,2000,0.34,1.72
DZA,2000,0.28,4.68
AFG,2000,0.002,7.71
BGD,2000,0.003,6.87
IRN,2000,0.003,8.04
KWT,2000,0.0,3.1
LBY,2000,0.007,5.3
MRT,2000,0.0,6.39
PAK,2000,0.018,11.1
SAU,2000,0.0,3.84
SOM,2000,0.0,16.78
SDN,2000,0.0,5.56
COM,2000,0.11,10.87
EGY,2000,0.14,3.62
IDN,2000,0.058,3.79
IRQ,2000,0.13,5.25
NPL,2000,0.11,10.87
NER,2000,0.095,9.51
YEM,2000,0.079,8.51
GIN,2000,0.2,9.73
SLE,2000,0.16,10.13
MDG,2000,1.02,10.75
BEN,2000,1.11,14.72
SGP,2000,2.09,11.42
GBR,2000,11.16,7.74
ROU,2000,11.41,11.33
SVN,2000,11.42,25.64
ESP,2000,11.36,6.56
DNK,2000,11.51,12.5
BLR,2000,11.81,37.26
AUT,2000,12.53,15.82
DEU,2000,12.54,11.16
PRT,2000,12.63,5.45
HUN,2000,12.9,26.62
BTN,2000,1.08,6.91
HRV,2000,13.19,16.3
LUX,2000,13.27,13.45
CZE,2000,13.77,13.42
FRA,2000,14.0,15.81
UGA,2000,14.03,21.65
IRL,2000,14.2,12.05
FJI,2000,2.0,11.69
BOL,2000,2.13,8.37
GHA,2000,2.13,9.75
LCA,2000,11.24,8.08
CHE,2000,11.08,15.89
SVK,2000,10.87,12.63
BGR,2000,10.68,14.05
VUT,2000,1.09,23.22
TON,2000,1.2,5.13
TUN,2000,1.24,3.9
MDV,2000,1.55,5.3
MWI,2000,1.59,19.22
PNG,2000,1.55,2.83
TUR,2000,1.61,4.21
ARE,2000,1.6,8.01
CAF,2000,1.73,32.5
KEN,2000,1.68,15.81
LKA,2000,1.66,27.43
LBN,2000,1.82,2.99
BEL,2000,10.2,18.3
RUS,2000,10.28,48.89
BHS,2000,10.42,2.53
EST,2000,10.43,24.98
LTU,2000,10.36,45.75
KOR,2000,10.45,13.9
NLD,2000,9.89,8.09
