SpatialDimValueCode,Period,FactValueNumeric
AFG,2019,0.013
BEN,2019,5.19
ALB,2019,4.38
KGZ,2019,4.44
KHM,2019,4.5
CUB,2019,4.75
CHN,2019,4.78
MEX,2019,4.78
NAM,2019,5.04
PHL,2019,5.02
TZA,2019,5.09
GUY,2019,5.16
COL,2019,4.19
URY,2019,5.16
AGO,2019,5.28
BIH,2019,5.33
PRY,2019,5.29
CPV,2019,5.47
UKR,2019,5.53
COG,2019,5.6
DOM,2019,5.62
PER,2019,5.66
STP,2019,4.17
ARM,2019,4.08
NOR,2019,6.02
CRI,2019,3.19
SLV,2019,2.92
NGA,2019,2.95
TKM,2019,2.86
BOL,2019,2.98
ECU,2019,2.98
FJI,2019,3.05
HTI,2019,3.03
IND,2019,2.98
BDI,2019,3.1
ZMB,2019,3.25
MKD,2019,4.04
GNB,2019,3.29
PRK,2019,3.37
VNM,2019,3.42
JAM,2019,3.48
LSO,2019,3.48
MLI,2019,3.53
NIC,2019,3.73
KAZ,2019,3.86
CMR,2019,4.05
BLZ,2019,5.93
GNQ,2019,6.19
LBR,2019,2.84
USA,2019,8.93
ISL,2019,7.66
KOR,2019,7.76
CYP,2019,7.93
CAN,2019,8.08
FIN,2019,8.32
NLD,2019,8.29
GRD,2019,8.46
NIU,2019,8.5
KNA,2019,8.83
MLT,2019,9.04
ITA,2019,7.59
NZL,2019,9.12
BEL,2019,9.22
DNK,2019,9.23
CHE,2019,9.25
AUS,2019,9.5
BHS,2019,9.46
GBR,2019,9.84
MNE,2019,9.91
BGD,2019,0.004
VCT,2019,7.61
GEO,2019,7.64
BRA,2019,6.32
THA,2019,6.68
DMA,2019,6.34
PAN,2019,6.28
MDA,2019,6.34
SUR,2019,6.26
CHL,2019,6.39
JPN,2019,6.44
GAB,2019,6.6
GRC,2019,6.62
UGA,2019,6.57
MUS,2019,6.98
ARG,2019,7.64
SWZ,2019,7.13
RUS,2019,7.11
SWE,2019,7.12
BFA,2019,7.22
MNG,2019,7.19
BWA,2019,7.43
LAO,2019,7.4
ZAF,2019,7.35
SRB,2019,7.45
ZWE,2019,2.78
TTO,2019,5.68
HND,2019,2.78
ERI,2019,0.88
TCD,2019,0.53
MAR,2019,0.47
OMN,2019,0.47
DZA,2019,0.57
BRN,2019,0.66
MDG,2019,0.71
MYS,2019,0.67
NPL,2019,0.8
AZE,2019,0.88
GMB,2019,0.86
TON,2019,0.3
TJK,2019,0.86
TUV,2019,0.93
QAT,2019,0.98
TGO,2019,1.02
COD,2019,1.08
LBN,2019,1.17
PNG,2019,1.2
SLB,2019,1.15
MDV,2019,1.31
KIR,2019,0.39
TLS,2019,0.32
TUR,2019,1.27
IDN,2019,0.08
VEN,2019,2.71
LBY,2019,0.008
MRT,2019,0.0
SAU,2019,0.0
SOM,2019,0.0
SDN,2019,0.003
YEM,2019,0.018
BTN,2019,0.066
EGY,2019,0.15
IRN,2019,0.11
SEN,2019,0.31
NER,2019,0.09
PAK,2019,0.059
SYR,2019,0.14
COM,2019,0.18
IRQ,2019,0.16
SLE,2019,0.19
DJI,2019,0.27
GIN,2019,0.33
JOR,2019,0.29
RWA,2019,1.35
KWT,2019,0.0
CAF,2019,1.44
EST,2019,11.85
LTU,2019,10.97
AND,2019,11.06
DEU,2019,11.11
IRL,2019,11.07
ATG,2019,11.24
LUX,2019,11.28
BGR,2019,11.39
FRA,2019,11.46
AUT,2019,11.7
COK,2019,12.6
ESP,2019,10.67
CZE,2019,12.91
LVA,2019,12.9
SYC,2019,13.27
ARE,2019,2.1
KEN,2019,2.3
NRU,2019,2.44
ISR,2019,2.56
LKA,2019,2.56
BHR,2019,1.45
HUN,2019,11.0
UZB,2019,2.55
ROU,2019,10.65
GHA,2019,1.88
POL,2019,10.72
MOZ,2019,1.48
GTM,2019,1.62
FSM,2019,1.58
TUN,2019,1.59
VUT,2019,1.66
MWI,2019,1.75
SGP,2019,1.82
CIV,2019,1.93
ETH,2019,1.85
MMR,2019,1.93
BRB,2019,10.03
SVN,2019,10.39
BLR,2019,10.14
HRV,2019,10.14
PRT,2019,10.24
LCA,2019,10.23
SVK,2019,10.33
WSM,2019,1.91
CHN,2018,4.78
PHL,2018,5.02
NAM,2018,5.04
MEX,2018,4.78
ALB,2018,4.38
CUB,2018,4.75
KHM,2018,4.5
KGZ,2018,4.44
BEN,2018,5.19
TZA,2018,5.09
PER,2018,5.66
GUY,2018,5.16
URY,2018,5.16
AGO,2018,5.28
BIH,2018,5.33
PRY,2018,5.29
CPV,2018,5.47
UKR,2018,5.53
COG,2018,5.6
DOM,2018,5.62
STP,2018,4.17
SLV,2018,2.92
PRK,2018,3.37
COL,2018,4.19
CRI,2018,3.19
BLZ,2018,5.93
NGA,2018,2.95
TKM,2018,2.86
BOL,2018,2.98
ECU,2018,2.98
FJI,2018,3.05
HTI,2018,3.03
IND,2018,2.98
BDI,2018,3.1
ZMB,2018,3.25
ARM,2018,4.08
GNB,2018,3.29
VNM,2018,3.42
JAM,2018,3.48
LSO,2018,3.48
MLI,2018,3.53
NIC,2018,3.73
KAZ,2018,3.86
CMR,2018,4.05
MKD,2018,4.04
TTO,2018,5.68
ARG,2018,7.64
NOR,2018,6.02
USA,2018,8.93
ISL,2018,7.66
KOR,2018,7.76
CYP,2018,7.93
CAN,2018,8.08
FIN,2018,8.32
NLD,2018,8.29
GRD,2018,8.46
NIU,2018,8.5
KNA,2018,8.83
MLT,2018,9.04
VCT,2018,7.61
NZL,2018,9.12
BEL,2018,9.22
DNK,2018,9.23
CHE,2018,9.25
AUS,2018,9.5
BHS,2018,9.46
GBR,2018,9.84
MNE,2018,9.87
LBR,2018,2.84
SRB,2018,7.62
ITA,2018,7.59
GNQ,2018,6.19
UGA,2018,6.57
BRA,2018,6.32
DMA,2018,6.34
PAN,2018,6.28
MDA,2018,6.34
SUR,2018,6.26
CHL,2018,6.39
JPN,2018,6.44
GAB,2018,6.6
GRC,2018,6.62
THA,2018,6.68
GEO,2018,7.64
MUS,2018,6.98
SWZ,2018,7.13
RUS,2018,7.11
SWE,2018,7.12
BFA,2018,7.22
MNG,2018,7.19
BWA,2018,7.43
LAO,2018,7.4
ZAF,2018,7.35
ZWE,2018,2.78
TUR,2018,1.27
HND,2018,2.78
RWA,2018,1.35
TON,2018,0.3
KIR,2018,0.39
TCD,2018,0.53
MAR,2018,0.47
OMN,2018,0.47
DZA,2018,0.57
BRN,2018,0.66
MDG,2018,0.71
MYS,2018,0.67
NPL,2018,0.8
AZE,2018,0.88
ERI,2018,0.88
GMB,2018,0.86
TJK,2018,0.86
TUV,2018,0.93
QAT,2018,0.98
TGO,2018,1.02
COD,2018,1.08
LBN,2018,1.17
PNG,2018,1.2
SLB,2018,1.15
TLS,2018,0.32
SEN,2018,0.31
JOR,2018,0.29
BTN,2018,0.066
VEN,2018,2.71
BGD,2018,0.004
KWT,2018,0.0
LBY,2018,0.008
MRT,2018,0.0
SAU,2018,0.0
SOM,2018,0.0
SDN,2018,0.003
YEM,2018,0.018
EGY,2018,0.15
GIN,2018,0.33
IDN,2018,0.08
IRN,2018,0.11
NER,2018,0.09
PAK,2018,0.059
SYR,2018,0.14
COM,2018,0.18
IRQ,2018,0.16
SLE,2018,0.19
DJI,2018,0.27
MDV,2018,1.31
AFG,2018,0.013
AUT,2018,11.7
EST,2018,11.85
HUN,2018,11.0
LTU,2018,10.97
AND,2018,11.06
DEU,2018,11.11
IRL,2018,11.07
ATG,2018,11.24
LUX,2018,11.28
BGR,2018,11.39
FRA,2018,11.46
COK,2018,12.6
ROU,2018,10.65
CZE,2018,12.91
LVA,2018,12.9
SYC,2018,13.27
ARE,2018,2.1
KEN,2018,2.3
NRU,2018,2.44
ISR,2018,2.56
LKA,2018,2.56
UZB,2018,2.55
ESP,2018,10.67
CAF,2018,1.44
POL,2018,10.72
CIV,2018,1.93
SVN,2018,10.39
BHR,2018,1.45
MOZ,2018,1.48
GTM,2018,1.62
FSM,2018,1.58
TUN,2018,1.59
ETH,2018,1.85
MWI,2018,1.75
SGP,2018,1.82
VUT,2018,1.66
GHA,2018,1.88
BLR,2018,10.14
LCA,2018,10.23
PRT,2018,10.24
HRV,2018,10.14
SVK,2018,10.33
BRB,2018,10.03
WSM,2018,1.91
MMR,2018,1.93
TZA,2017,5.33
MEX,2017,4.59
CUB,2017,4.68
BEN,2017,4.94
KGZ,2017,4.87
PHL,2017,4.88
GUY,2017,5.22
NAM,2017,5.2
PRY,2017,5.21
URY,2017,5.24
BIH,2017,5.27
NOR,2017,6.02
CPV,2017,5.44
CHN,2017,5.54
DOM,2017,5.53
UKR,2017,5.52
TTO,2017,5.63
COG,2017,5.7
PER,2017,5.73
AGO,2017,5.76
SUR,2017,5.91
ALB,2017,4.4
LBR,2017,2.87
NGA,2017,3.01
STP,2017,4.26
PRK,2017,3.43
BLZ,2017,6.17
TKM,2017,2.98
BOL,2017,3.05
BDI,2017,3.12
HTI,2017,3.07
LSO,2017,3.08
ZMB,2017,3.22
CRI,2017,3.28
GNB,2017,3.33
JAM,2017,3.42
COL,2017,4.27
VEN,2017,3.37
VNM,2017,3.37
MLI,2017,3.56
KAZ,2017,3.81
NIC,2017,3.8
ARM,2017,3.95
MKD,2017,3.9
CMR,2017,4.07
KHM,2017,4.22
CHL,2017,6.14
MNG,2017,7.72
PAN,2017,6.24
NZL,2017,9.07
KOR,2017,7.85
CAN,2017,8.13
GRD,2017,8.32
NLD,2017,8.31
FIN,2017,8.39
NIU,2017,8.54
KNA,2017,8.69
MLT,2017,8.94
USA,2017,8.91
CHE,2017,9.2
MDA,2017,6.25
BEL,2017,9.31
DNK,2017,9.32
BHS,2017,9.42
MNE,2017,9.56
AUS,2017,9.6
LCA,2017,9.68
GBR,2017,9.78
BLR,2017,9.86
SVK,2017,9.88
CYP,2017,7.93
ARG,2017,7.94
VCT,2017,7.68
ISL,2017,7.65
BRA,2017,6.41
GNQ,2017,6.44
DMA,2017,6.46
JPN,2017,6.48
GRC,2017,6.78
THA,2017,6.77
BWA,2017,6.86
GAB,2017,6.96
MUS,2017,6.96
UGA,2017,6.95
SWZ,2017,7.07
GEO,2017,7.08
SWE,2017,7.13
BFA,2017,7.15
LAO,2017,7.17
ZAF,2017,7.3
ITA,2017,7.43
RUS,2017,7.37
SRB,2017,7.4
ECU,2017,3.02
TUR,2017,1.28
IND,2017,2.93
NPL,2017,0.78
MAR,2017,0.42
TLS,2017,0.37
AZE,2017,0.53
OMN,2017,0.46
DZA,2017,0.57
TCD,2017,0.58
MYS,2017,0.65
BRN,2017,0.66
MDG,2017,0.71
ERI,2017,0.89
SEN,2017,0.3
RWA,2017,0.93
TJK,2017,0.88
TUV,2017,0.95
QAT,2017,1.0
COD,2017,1.13
GMB,2017,1.06
SLB,2017,1.09
TGO,2017,1.08
LBN,2017,1.2
TON,2017,0.31
JOR,2017,0.31
PNG,2017,1.25
BTN,2017,0.066
FJI,2017,2.79
BGD,2017,0.004
KWT,2017,0.0
LBY,2017,0.007
MRT,2017,0.0
SAU,2017,0.0
SOM,2017,0.0
SDN,2017,0.001
YEM,2017,0.018
IDN,2017,0.081
GIN,2017,0.33
NER,2017,0.11
PAK,2017,0.058
COM,2017,0.18
EGY,2017,0.15
IRN,2017,0.16
IRQ,2017,0.16
SLE,2017,0.18
SYR,2017,0.15
DJI,2017,0.32
MDV,2017,1.23
KIR,2017,0.4
AFG,2017,0.014
AND,2017,11.12
HUN,2017,11.15
IRL,2017,11.19
BGR,2017,11.31
LUX,2017,11.33
LTU,2017,11.48
AUT,2017,11.63
FRA,2017,11.56
LVA,2017,12.37
COK,2017,12.6
CZE,2017,12.87
EST,2017,13.17
SYC,2017,13.8
ARE,2017,2.15
KEN,2017,2.29
NRU,2017,2.44
ISR,2017,2.52
UZB,2017,2.54
LKA,2017,2.59
HND,2017,2.68
ZWE,2017,2.68
MOZ,2017,1.43
DEU,2017,11.11
SLV,2017,2.8
ATG,2017,10.87
CIV,2017,1.86
CAF,2017,1.46
VUT,2017,1.54
GTM,2017,1.61
FSM,2017,1.58
TUN,2017,1.6
ETH,2017,1.67
MWI,2017,1.68
MMR,2017,1.74
SGP,2017,1.83
BHR,2017,1.52
GHA,2017,1.89
BRB,2017,10.05
HRV,2017,10.24
PRT,2017,10.22
ROU,2017,10.22
SVN,2017,10.21
POL,2017,10.54
ESP,2017,10.68
WSM,2017,1.89
PRY,2016,5.12
CPV,2016,5.29
NAM,2016,5.2
KGZ,2016,5.19
VEN,2016,4.57
BIH,2016,5.08
BEN,2016,4.76
PHL,2016,4.73
GUY,2016,5.33
COG,2016,5.33
TTO,2016,5.74
SUR,2016,5.44
DOM,2016,5.46
URY,2016,5.56
PER,2016,5.74
UKR,2016,5.71
TZA,2016,5.83
NOR,2016,6.0
AGO,2016,6.1
MDA,2016,6.1
STP,2016,4.47
CUB,2016,4.65
PRK,2016,3.47
MEX,2016,4.43
JAM,2016,3.34
HTI,2016,2.95
BOL,2016,3.1
BDI,2016,3.15
NGA,2016,3.05
TKM,2016,3.09
ECU,2016,3.24
GNB,2016,3.23
ZMB,2016,3.15
CRI,2016,3.25
VNM,2016,3.27
ALB,2016,4.38
PAN,2016,6.29
KAZ,2016,3.53
MLI,2016,3.66
KHM,2016,3.81
NIC,2016,3.78
MKD,2016,3.78
ARM,2016,3.96
CMR,2016,4.22
COL,2016,4.26
CHN,2016,6.16
BRB,2016,9.95
BLZ,2016,6.43
USA,2016,8.86
CAN,2016,8.1
ARG,2016,8.2
GRD,2016,8.2
NLD,2016,8.29
FIN,2016,8.44
NIU,2016,8.44
MLT,2016,8.57
KNA,2016,8.56
NZL,2016,8.92
MNE,2016,9.13
MNG,2016,7.92
DNK,2016,9.33
BHS,2016,9.4
LCA,2016,9.4
CHE,2016,9.35
GBR,2016,9.65
AUS,2016,9.65
BEL,2016,9.69
ROU,2016,9.72
BLR,2016,9.77
KOR,2016,8.03
CYP,2016,7.93
BWA,2016,6.55
GNQ,2016,7.13
JPN,2016,6.51
BRA,2016,6.59
DMA,2016,6.57
CHL,2016,6.66
SWZ,2016,6.77
GRC,2016,6.84
MUS,2016,6.83
GEO,2016,6.99
BFA,2016,7.1
SWE,2016,7.11
RUS,2016,7.67
THA,2016,7.09
ITA,2016,7.21
LAO,2016,7.21
UGA,2016,7.3
SRB,2016,7.31
ZAF,2016,7.38
GAB,2016,7.47
ISL,2016,7.63
VCT,2016,7.63
LBR,2016,2.87
IND,2016,2.92
ZWE,2016,2.71
MDG,2016,0.7
GIN,2016,0.35
KIR,2016,0.39
MAR,2016,0.39
TLS,2016,0.36
OMN,2016,0.45
DZA,2016,0.56
TCD,2016,0.62
MYS,2016,0.61
BRN,2016,0.66
NPL,2016,0.78
SEN,2016,0.29
ERI,2016,0.92
RWA,2016,0.95
SLB,2016,0.85
TJK,2016,0.9
QAT,2016,1.01
TUV,2016,1.11
COD,2016,1.17
LBN,2016,1.21
MDV,2016,1.19
TON,2016,0.32
JOR,2016,0.32
TGO,2016,1.18
YEM,2016,0.02
FJI,2016,2.65
AFG,2016,0.011
BGD,2016,0.004
KWT,2016,0.0
LBY,2016,0.009
MRT,2016,0.0
SAU,2016,0.0
SOM,2016,0.0
SDN,2016,0.001
BTN,2016,0.059
DJI,2016,0.33
IDN,2016,0.078
IRN,2016,0.13
NER,2016,0.12
PAK,2016,0.056
COM,2016,0.16
EGY,2016,0.16
IRQ,2016,0.16
SLE,2016,0.19
SYR,2016,0.18
PNG,2016,1.23
AZE,2016,0.41
GMB,2016,1.27
DEU,2016,11.04
BGR,2016,11.08
IRL,2016,11.08
AND,2016,11.22
LUX,2016,11.4
AUT,2016,11.63
LVA,2016,11.57
FRA,2016,11.77
LTU,2016,12.25
COK,2016,12.6
CZE,2016,12.8
SYC,2016,14.17
EST,2016,15.14
ARE,2016,2.15
KEN,2016,2.29
NRU,2016,2.44
ISR,2016,2.5
LSO,2016,2.48
HND,2016,2.57
LKA,2016,2.63
UZB,2016,2.59
TUR,2016,1.28
HUN,2016,11.0
SLV,2016,2.67
ESP,2016,10.67
CIV,2016,1.81
CAF,2016,1.46
ETH,2016,1.47
VUT,2016,1.53
BHR,2016,1.63
GTM,2016,1.62
FSM,2016,1.58
MMR,2016,1.6
TUN,2016,1.61
MWI,2016,1.72
MOZ,2016,1.36
WSM,2016,1.8
GHA,2016,1.95
SVK,2016,9.95
ATG,2016,10.13
HRV,2016,10.25
PRT,2016,10.32
POL,2016,10.48
SVN,2016,10.71
SGP,2016,1.82
STP,2015,5.04
SUR,2015,5.29
PRY,2015,5.09
NAM,2015,5.11
BEN,2015,4.92
CPV,2015,5.01
COG,2015,4.9
BIH,2015,4.89
GUY,2015,5.55
DOM,2015,5.37
TTO,2015,5.86
KGZ,2015,5.62
PER,2015,5.73
URY,2015,5.72
VEN,2015,5.65
NOR,2015,6.02
PAN,2015,6.24
MDA,2015,6.16
TZA,2015,6.23
BWA,2015,6.3
CUB,2015,4.59
PHL,2015,4.68
PRK,2015,3.51
CMR,2015,4.43
JAM,2015,3.25
IND,2015,2.98
BOL,2015,3.14
BDI,2015,3.14
GNB,2015,3.15
NGA,2015,3.08
TKM,2015,3.13
VNM,2015,3.08
ZMB,2015,3.13
CRI,2015,3.22
KHM,2015,3.42
COL,2015,4.27
UKR,2015,6.5
ECU,2015,3.55
KAZ,2015,3.52
MLI,2015,3.74
NIC,2015,3.67
MKD,2015,3.72
ARM,2015,4.05
MEX,2015,4.2
ALB,2015,4.29
CHN,2015,6.32
LBR,2015,2.82
BLZ,2015,6.64
MNG,2015,8.95
ARG,2015,8.16
NIU,2015,8.21
NLD,2015,8.33
RUS,2015,8.33
MNE,2015,8.49
KNA,2015,8.48
FIN,2015,8.56
USA,2015,8.82
NZL,2015,8.89
LCA,2015,9.24
MLT,2015,8.07
BHS,2015,9.38
DNK,2015,9.42
ROU,2015,9.5
CHE,2015,9.51
GBR,2015,9.52
ATG,2015,9.64
ESP,2015,9.61
BRB,2015,9.7
AUS,2015,9.79
KOR,2015,8.07
GRD,2015,8.11
DMA,2015,6.57
SRB,2015,7.2
BRA,2015,6.79
SWZ,2015,6.75
MUS,2015,6.82
AGO,2015,6.86
GEO,2015,6.89
BFA,2015,7.03
GRC,2015,6.97
LAO,2015,7.04
THA,2015,6.95
SWE,2015,7.16
CAN,2015,8.1
ITA,2015,7.27
CHL,2015,7.4
ISL,2015,7.39
VCT,2015,7.45
ZAF,2015,7.45
UGA,2015,7.74
CYP,2015,7.95
GAB,2015,7.89
GNQ,2015,8.02
ZWE,2015,2.87
JPN,2015,6.47
HTI,2015,2.81
NPL,2015,0.7
KIR,2015,0.36
MAR,2015,0.39
OMN,2015,0.44
TLS,2015,0.37
DZA,2015,0.54
MYS,2015,0.57
BRN,2015,0.66
TCD,2015,0.66
MDG,2015,0.7
SLB,2015,0.75
DJI,2015,0.36
ERI,2015,0.95
TJK,2015,0.88
QAT,2015,1.01
RWA,2015,0.96
LBN,2015,1.22
MDV,2015,1.23
PNG,2015,1.22
TGO,2015,1.24
COD,2015,1.26
GIN,2015,0.35
AZE,2015,0.39
MOZ,2015,1.27
IDN,2015,0.08
BGD,2015,0.004
KWT,2015,0.0
LBY,2015,0.01
MRT,2015,0.0
SAU,2015,0.0
SOM,2015,0.0
YEM,2015,0.026
BTN,2015,0.11
COM,2015,0.14
IRN,2015,0.07
TON,2015,0.29
NER,2015,0.13
PAK,2015,0.054
SDN,2015,0.12
EGY,2015,0.18
IRQ,2015,0.16
SLE,2015,0.22
SYR,2015,0.2
JOR,2015,0.34
SEN,2015,0.28
ETH,2015,1.32
FJI,2015,2.65
TUR,2015,1.31
GHA,2015,2.1
SVN,2015,10.97
HUN,2015,11.05
LUX,2015,11.45
AUT,2015,11.9
FRA,2015,11.89
COK,2015,12.49
CZE,2015,12.81
SYC,2015,13.3
EST,2015,16.54
ARE,2015,2.09
DEU,2015,11.01
KEN,2015,2.22
LSO,2015,2.4
NRU,2015,2.44
SLV,2015,2.55
HND,2015,2.48
ISR,2015,2.48
UZB,2015,2.5
LKA,2015,2.59
AFG,2015,0.007
IRL,2015,10.99
LTU,2015,13.45
LVA,2015,10.9
BHR,2015,1.76
BGR,2015,10.86
TUV,2015,1.41
MMR,2015,1.46
VUT,2015,1.48
GTM,2015,1.64
FSM,2015,1.55
CIV,2015,1.74
GMB,2015,1.65
WSM,2015,1.72
TUN,2015,1.6
MWI,2015,1.84
HRV,2015,10.16
CAF,2015,1.4
POL,2015,10.44
PRT,2015,10.3
BLR,2015,10.27
AND,2015,10.75
SVK,2015,10.15
BEL,2015,10.12
SGP,2015,1.84
GUY,2014,5.68
PHL,2014,4.67
BIH,2014,4.77
NAM,2014,4.9
BEN,2014,5.23
PRY,2014,5.23
CMR,2014,5.25
SUR,2014,5.33
DOM,2014,5.36
STP,2014,5.56
BFA,2014,6.51
URY,2014,5.7
KGZ,2014,5.86
PER,2014,5.85
TTO,2014,5.9
NOR,2014,6.08
BWA,2014,6.22
CHN,2014,6.24
PAN,2014,6.29
TZA,2014,6.25
CUB,2014,4.52
CPV,2014,4.71
IND,2014,3.01
COG,2014,4.48
TKM,2014,3.16
MDA,2014,6.6
ZWE,2014,3.02
KHM,2014,3.07
CRI,2014,3.11
GNB,2014,3.07
NGA,2014,3.08
ZMB,2014,3.08
BOL,2014,3.17
JAM,2014,3.21
BDI,2014,3.28
ALB,2014,4.25
PRK,2014,3.52
KAZ,2014,3.59
MLI,2014,3.62
NIC,2014,3.58
ECU,2014,3.75
MKD,2014,3.72
MEX,2014,4.03
ARM,2014,4.06
COL,2014,4.23
JPN,2014,6.51
GAB,2014,7.95
VEN,2014,6.57
RUS,2014,8.98
NLD,2014,8.43
KOR,2014,8.36
KNA,2014,8.42
MNE,2014,8.55
GNQ,2014,8.57
FIN,2014,8.78
ESP,2014,8.8
USA,2014,8.79
NZL,2014,8.93
LCA,2014,9.08
CAN,2014,8.13
BHS,2014,9.35
BRB,2014,9.32
ATG,2014,9.43
DNK,2014,9.4
GBR,2014,9.43
ROU,2014,9.53
CHE,2014,9.66
AUS,2014,9.86
LBR,2014,2.82
ARG,2014,8.22
NIU,2014,8.01
BLZ,2014,6.67
VCT,2014,7.2
DMA,2014,6.68
LAO,2014,6.68
MUS,2014,6.81
BRA,2014,6.93
GEO,2014,6.89
THA,2014,6.88
SWZ,2014,7.07
SRB,2014,7.19
ISL,2014,7.16
SWE,2014,7.22
GRD,2014,7.95
GRC,2014,7.28
AGO,2014,7.43
ITA,2014,7.35
ZAF,2014,7.5
UKR,2014,7.5
CHL,2014,7.68
MLT,2014,7.71
CYP,2014,7.81
UGA,2014,7.84
VNM,2014,2.89
HTI,2014,2.77
AFG,2014,0.003
MDG,2014,0.7
JOR,2014,0.36
MAR,2014,0.41
OMN,2014,0.44
TLS,2014,0.41
DZA,2014,0.52
MYS,2014,0.55
SLB,2014,0.65
BRN,2014,0.67
TCD,2014,0.65
NPL,2014,0.68
SLE,2014,0.27
TJK,2014,0.85
RWA,2014,0.95
ERI,2014,0.97
QAT,2014,1.02
ETH,2014,1.18
LBN,2014,1.21
MOZ,2014,1.16
PNG,2014,1.18
CAF,2014,1.32
AZE,2014,0.36
SEN,2014,0.27
MDV,2014,1.26
IRN,2014,0.067
LKA,2014,2.59
BGD,2014,0.004
KWT,2014,0.0
LBY,2014,0.009
MRT,2014,0.0
SAU,2014,0.0
SOM,2014,0.0
YEM,2014,0.031
IDN,2014,0.082
NER,2014,0.12
KIR,2014,0.3
PAK,2014,0.05
SDN,2014,0.12
BTN,2014,0.18
COM,2014,0.15
EGY,2014,0.19
IRQ,2014,0.16
SYR,2014,0.19
TON,2014,0.24
GIN,2014,0.32
COD,2014,1.34
DJI,2014,0.4
TUR,2014,1.34
IRL,2014,10.73
DEU,2014,11.08
BLR,2014,11.22
LUX,2014,11.49
SYC,2014,11.66
FRA,2014,11.89
AUT,2014,12.03
COK,2014,12.43
CZE,2014,12.68
LTU,2014,14.29
EST,2014,17.25
MWI,2014,1.96
ARE,2014,1.99
GHA,2014,2.14
KEN,2014,2.24
UZB,2014,2.35
SLV,2014,2.45
LSO,2014,2.37
NRU,2014,2.44
HND,2014,2.54
FJI,2014,2.63
TGO,2014,1.3
HUN,2014,10.87
ISR,2014,2.56
SVN,2014,10.65
GMB,2014,1.89
TUN,2014,1.53
VUT,2014,1.53
CIV,2014,1.64
FSM,2014,1.56
WSM,2014,1.61
TUV,2014,1.6
GTM,2014,1.72
SGP,2014,1.84
BHR,2014,1.87
MMR,2014,1.37
PRT,2014,10.02
AND,2014,10.35
HRV,2014,10.28
MNG,2014,10.27
BEL,2014,10.42
BGR,2014,10.57
LVA,2014,10.6
POL,2014,10.56
SVK,2014,10.14
DOM,2013,5.4
SUR,2013,5.68
PRY,2013,5.46
URY,2013,5.44
CPV,2013,4.66
BEN,2013,5.43
PHL,2013,4.88
NAM,2013,4.66
CMR,2013,5.89
GUY,2013,5.76
KGZ,2013,6.06
STP,2013,5.88
TTO,2013,5.88
BFA,2013,6.02
CHN,2013,6.11
PER,2013,6.08
NOR,2013,6.16
PAN,2013,6.24
TZA,2013,6.15
BWA,2013,6.36
COG,2013,4.45
BIH,2013,4.75
NIC,2013,3.54
CUB,2013,4.41
BOL,2013,3.2
NRU,2013,2.79
IND,2013,3.03
NGA,2013,3.02
ZMB,2013,2.98
BDI,2013,3.05
CRI,2013,3.1
GNB,2013,3.07
JAM,2013,3.12
TKM,2013,3.11
ZWE,2013,3.15
COL,2013,4.3
JPN,2013,6.52
PRK,2013,3.56
MLI,2013,3.61
KAZ,2013,3.72
MKD,2013,3.73
ECU,2013,3.82
MEX,2013,3.92
ARM,2013,4.03
ALB,2013,4.28
LAO,2013,6.44
KHM,2013,2.79
BLZ,2013,6.56
GNQ,2013,9.13
NIU,2013,8.28
UKR,2013,8.33
KNA,2013,8.44
KOR,2013,8.6
NLD,2013,8.69
USA,2013,8.81
FIN,2013,9.03
ATG,2013,9.1
BRB,2013,9.08
NZL,2013,9.09
CAN,2013,8.21
LCA,2013,9.22
DNK,2013,9.33
BHS,2013,9.37
GBR,2013,9.42
ROU,2013,9.6
MNE,2013,9.62
CHE,2013,9.74
PRT,2013,9.83
RUS,2013,9.8
ESP,2013,8.16
CYP,2013,8.09
DMA,2013,6.67
SWE,2013,7.25
VEN,2013,6.77
SWZ,2013,6.94
ISL,2013,6.88
MUS,2013,6.92
THA,2013,6.94
GEO,2013,7.05
MDA,2013,7.03
VCT,2013,6.99
BRA,2013,7.11
ITA,2013,7.46
ARG,2013,8.06
MLT,2013,7.53
ZAF,2013,7.49
GRC,2013,7.61
CHL,2013,7.83
GAB,2013,7.75
GRD,2013,7.84
AGO,2013,7.86
UGA,2013,7.93
SRB,2013,7.94
LBR,2013,2.79
AFG,2013,0.003
VNM,2013,2.75
NPL,2013,0.66
JOR,2013,0.38
MAR,2013,0.44
OMN,2013,0.45
DZA,2013,0.48
TLS,2013,0.46
TCD,2013,0.63
MYS,2013,0.55
SLB,2013,0.64
MDG,2013,0.68
BRN,2013,0.77
SLE,2013,0.29
TJK,2013,0.8
RWA,2013,0.9
ERI,2013,0.97
QAT,2013,1.02
ETH,2013,1.08
MOZ,2013,1.08
PNG,2013,1.09
LBN,2013,1.23
TGO,2013,1.24
AZE,2013,0.37
SEN,2013,0.27
MMR,2013,1.3
IDN,2013,0.083
HTI,2013,2.66
BGD,2013,0.004
KWT,2013,0.0
LBY,2013,0.008
MRT,2013,0.0
PAK,2013,0.047
SAU,2013,0.0
SOM,2013,0.0
YEM,2013,0.036
IRN,2013,0.13
KIR,2013,0.3
NER,2013,0.12
SDN,2013,0.12
COM,2013,0.16
EGY,2013,0.19
IRQ,2013,0.16
SYR,2013,0.19
TON,2013,0.18
BTN,2013,0.28
GIN,2013,0.28
MDV,2013,1.31
DJI,2013,0.44
COD,2013,1.37
SYC,2013,10.96
LUX,2013,11.58
FRA,2013,12.01
AUT,2013,12.2
BLR,2013,12.48
CZE,2013,12.7
COK,2013,13.15
LTU,2013,14.93
EST,2013,17.33
BHR,2013,1.96
MWI,2013,2.03
FSM,2013,1.99
GHA,2013,2.12
UZB,2013,2.13
GMB,2013,2.24
KEN,2013,2.23
LSO,2013,2.2
SLV,2013,2.4
FJI,2013,2.56
HND,2013,2.61
ISR,2013,2.65
TUR,2013,1.39
DEU,2013,11.15
LKA,2013,2.65
IRL,2013,10.92
MNG,2013,10.0
CIV,2013,1.51
CAF,2013,1.48
WSM,2013,1.68
TUV,2013,1.75
VUT,2013,1.65
GTM,2013,1.81
SGP,2013,1.88
ARE,2013,1.88
AUS,2013,9.98
TUN,2013,1.44
AND,2013,10.08
BEL,2013,10.33
LVA,2013,10.43
BGR,2013,10.54
POL,2013,10.48
SVN,2013,10.47
HRV,2013,10.56
HUN,2013,10.93
SVK,2013,10.1
URY,2012,5.43
BEN,2012,5.55
DOM,2012,5.47
BFA,2012,5.49
ALB,2012,4.59
PHL,2012,4.97
CPV,2012,4.76
BIH,2012,4.75
PRY,2012,5.74
GUY,2012,5.69
STP,2012,5.99
SUR,2012,5.78
TTO,2012,5.84
CHN,2012,5.86
KGZ,2012,5.99
TZA,2012,6.1
PAN,2012,6.19
PER,2012,6.23
CMR,2012,6.29
LAO,2012,6.3
CUB,2012,4.34
NAM,2012,4.44
NIC,2012,3.48
COG,2012,4.34
BOL,2012,3.24
ZMB,2012,2.82
LBR,2012,2.88
IND,2012,3.01
NGA,2012,2.97
TKM,2012,3.02
CRI,2012,3.13
GNB,2012,3.1
JAM,2012,3.06
ZWE,2012,3.07
NRU,2012,3.4
COL,2012,4.33
BLZ,2012,6.42
BDI,2012,3.58
PRK,2012,3.57
KAZ,2012,3.65
MLI,2012,3.61
MKD,2012,3.74
ECU,2012,3.87
ARM,2012,3.98
MEX,2012,3.96
NOR,2012,6.29
ISR,2012,2.71
DMA,2012,6.65
KOR,2012,8.87
CYP,2012,8.38
KNA,2012,8.44
ESP,2012,8.46
UKR,2012,8.72
SRB,2012,8.78
USA,2012,8.77
BRB,2012,8.9
MNG,2012,8.92
NLD,2012,8.89
NZL,2012,9.25
CAN,2012,8.25
MNE,2012,9.37
BHS,2012,9.38
GNQ,2012,9.37
FIN,2012,9.39
LCA,2012,9.47
GBR,2012,9.55
DNK,2012,9.62
ROU,2012,9.63
CHE,2012,9.87
ATG,2012,8.32
UGA,2012,8.15
SWZ,2012,6.63
ITA,2012,7.27
JPN,2012,6.55
BWA,2012,6.79
ISL,2012,6.82
THA,2012,6.84
VCT,2012,6.94
VEN,2012,6.86
MUS,2012,7.0
BRA,2012,7.21
MDA,2012,7.2
SWE,2012,7.29
ARG,2012,7.99
MLT,2012,7.38
CHL,2012,7.53
GEO,2012,7.49
ZAF,2012,7.46
AGO,2012,7.72
GAB,2012,7.69
GRC,2012,7.76
GRD,2012,7.77
NIU,2012,7.94
LKA,2012,2.72
AFG,2012,0.003
HND,2012,2.7
SLB,2012,0.66
JOR,2012,0.39
AZE,2012,0.46
MAR,2012,0.45
OMN,2012,0.48
TLS,2012,0.48
TCD,2012,0.6
MDG,2012,0.65
MYS,2012,0.55
NPL,2012,0.72
BRN,2012,0.85
TON,2012,0.35
TJK,2012,0.75
PNG,2012,0.95
RWA,2012,0.87
ERI,2012,1.0
ETH,2012,0.99
MOZ,2012,1.01
QAT,2012,1.04
MMR,2012,1.22
TGO,2012,1.24
DZA,2012,0.45
SYR,2012,0.32
LBN,2012,1.29
YEM,2012,0.036
VNM,2012,2.64
BGD,2012,0.004
KWT,2012,0.0
LBY,2012,0.007
MRT,2012,0.0
PAK,2012,0.047
SAU,2012,0.0
SOM,2012,0.0
SDN,2012,0.028
COM,2012,0.15
SLE,2012,0.29
IDN,2012,0.08
NER,2012,0.12
EGY,2012,0.19
IRN,2012,0.23
IRQ,2012,0.17
BTN,2012,0.29
GIN,2012,0.25
KIR,2012,0.3
SEN,2012,0.28
COD,2012,1.32
DJI,2012,0.45
MDV,2012,1.33
HRV,2012,11.1
IRL,2012,11.13
DEU,2012,11.22
COK,2012,11.74
LUX,2012,11.66
AUT,2012,12.03
FRA,2012,12.1
CZE,2012,12.64
BLR,2012,13.55
LTU,2012,14.88
EST,2012,16.99
BHR,2012,2.01
MWI,2012,2.05
GHA,2012,2.09
FSM,2012,2.11
KEN,2012,2.19
LSO,2012,2.15
GMB,2012,2.34
SLV,2012,2.36
FJI,2012,2.52
HTI,2012,2.55
TUN,2012,1.34
HUN,2012,11.08
KHM,2012,2.57
SVN,2012,10.36
PRT,2012,10.05
TUR,2012,1.42
TUV,2012,1.58
CAF,2012,1.68
WSM,2012,1.7
ARE,2012,1.8
VUT,2012,1.78
GTM,2012,1.93
SGP,2012,1.9
UZB,2012,1.88
CIV,2012,1.43
AUS,2012,10.11
BEL,2012,10.19
AND,2012,10.28
LVA,2012,10.27
BGR,2012,10.4
POL,2012,10.41
RUS,2012,10.35
SYC,2012,10.44
SVK,2012,10.1
PHL,2011,5.12
BFA,2011,5.46
CHN,2011,5.43
BEN,2011,5.38
CUB,2011,4.32
CPV,2011,4.99
ALB,2011,4.78
BIH,2011,4.7
STP,2011,5.46
DOM,2011,5.5
SWZ,2011,5.89
GUY,2011,5.64
SUR,2011,5.58
URY,2011,5.6
TTO,2011,5.82
KGZ,2011,5.98
PRY,2011,5.96
CMR,2011,6.07
PER,2011,6.15
LAO,2011,6.24
NAM,2011,4.19
COL,2011,4.29
NIC,2011,3.41
COG,2011,4.21
BOL,2011,3.29
ISR,2011,2.7
NGA,2011,2.74
ZMB,2011,2.78
IND,2011,2.9
LBR,2011,2.94
TKM,2011,2.93
ZWE,2011,2.87
JAM,2011,2.99
GNB,2011,3.08
CRI,2011,3.37
NRU,2011,4.06
TZA,2011,6.3
PRK,2011,3.57
KAZ,2011,3.69
MKD,2011,3.73
MLI,2011,3.83
ECU,2011,3.88
ARM,2011,4.08
BDI,2011,4.11
MEX,2011,4.07
PAN,2011,6.15
LCA,2011,9.95
BLZ,2011,6.38
CYP,2011,8.99
CAN,2011,8.31
UKR,2011,8.39
KNA,2011,8.48
UGA,2011,8.48
SRB,2011,8.55
ESP,2011,8.59
USA,2011,8.69
BRB,2011,8.76
KOR,2011,8.92
MNE,2011,9.02
GAB,2011,7.96
NLD,2011,9.05
BHS,2011,9.36
GNQ,2011,9.38
NZL,2011,9.41
FIN,2011,9.6
SYC,2011,9.6
ROU,2011,9.75
GBR,2011,9.75
DNK,2011,9.91
GRC,2011,8.02
GEO,2011,7.78
NOR,2011,6.41
BWA,2011,7.07
JPN,2011,6.52
DMA,2011,6.63
THA,2011,6.61
MDA,2011,6.7
ISL,2011,6.82
NIU,2011,6.8
MUS,2011,7.01
VCT,2011,6.98
VEN,2011,7.04
ITA,2011,7.14
GRD,2011,7.75
MLT,2011,7.15
BRA,2011,7.34
MNG,2011,7.3
ZAF,2011,7.34
SWE,2011,7.31
ATG,2011,7.58
CHL,2011,7.64
AGO,2011,7.68
ARG,2011,7.69
HND,2011,2.7
LKA,2011,2.61
VNM,2011,2.5
NPL,2011,0.71
DJI,2011,0.46
MYS,2011,0.54
MAR,2011,0.46
OMN,2011,0.5
SYR,2011,0.53
TCD,2011,0.57
AZE,2011,0.71
BRN,2011,0.7
MDG,2011,0.66
SLB,2011,0.7
DZA,2011,0.41
TJK,2011,0.71
TON,2011,0.67
ETH,2011,0.91
MOZ,2011,0.94
PNG,2011,0.86
RWA,2011,0.87
ERI,2011,1.02
QAT,2011,1.05
MMR,2011,1.1
JOR,2011,0.42
SEN,2011,0.29
TGO,2011,1.24
SDN,2011,0.028
GMB,2011,2.5
AFG,2011,0.006
BGD,2011,0.003
KWT,2011,0.0
LBY,2011,0.007
MRT,2011,0.0
PAK,2011,0.048
SAU,2011,0.0
SOM,2011,0.0
YEM,2011,0.04
KIR,2011,0.3
COM,2011,0.13
IDN,2011,0.076
NER,2011,0.12
EGY,2011,0.2
GIN,2011,0.24
IRN,2011,0.24
IRQ,2011,0.17
SLE,2011,0.25
BTN,2011,0.27
COD,2011,1.23
TLS,2011,0.38
TUN,2011,1.29
HUN,2011,11.07
DEU,2011,11.21
COK,2011,11.35
IRL,2011,11.48
LUX,2011,11.75
AUT,2011,12.03
FRA,2011,12.29
CZE,2011,12.69
LTU,2011,13.92
BLR,2011,14.16
EST,2011,16.07
GTM,2011,2.0
MWI,2011,2.05
BHR,2011,2.13
KEN,2011,2.13
GHA,2011,2.21
LSO,2011,2.22
FSM,2011,2.16
SLV,2011,2.34
KHM,2011,2.36
FJI,2011,2.39
CIV,2011,1.4
HRV,2011,11.24
HTI,2011,2.36
SVN,2011,10.63
CHE,2011,9.96
MDV,2011,1.37
TUV,2011,1.38
TUR,2011,1.45
ARE,2011,1.74
UZB,2011,1.81
VUT,2011,1.76
CAF,2011,1.87
WSM,2011,1.95
SGP,2011,1.89
LBN,2011,1.39
LVA,2011,10.07
BGR,2011,10.23
POL,2011,10.17
SVK,2011,10.19
AUS,2011,10.28
AND,2011,10.44
PRT,2011,10.62
RUS,2011,10.62
BEL,2011,10.17
CHN,2010,4.83
STP,2010,5.0
PHL,2010,4.92
BDI,2010,4.94
COL,2010,4.29
CPV,2010,4.81
BIH,2010,4.66
CUB,2010,4.26
SUR,2010,5.3
ALB,2010,5.09
CMR,2010,5.81
BFA,2010,5.42
DOM,2010,5.55
GUY,2010,5.57
PER,2010,5.68
KGZ,2010,5.83
NIU,2010,5.82
TTO,2010,5.79
LAO,2010,5.93
URY,2010,6.0
NAM,2010,4.06
MEX,2010,4.24
BOL,2010,3.41
ARM,2010,4.1
LBR,2010,3.05
TKM,2010,2.59
HTI,2010,2.72
HND,2010,2.73
IND,2010,2.7
ISR,2010,2.65
ZMB,2010,2.74
MLI,2010,2.75
JAM,2010,2.9
GNB,2010,3.04
NIC,2010,3.31
COG,2010,3.91
PAN,2010,6.11
PRK,2010,3.49
KAZ,2010,3.51
NRU,2010,3.54
CRI,2010,3.68
NGA,2010,3.71
MKD,2010,3.71
ECU,2010,3.8
BEN,2010,3.94
SWZ,2010,6.14
MNE,2010,9.94
PRY,2010,6.06
KOR,2010,8.91
GAB,2010,8.2
CAN,2010,8.34
GRC,2010,8.28
GNQ,2010,8.54
UKR,2010,8.52
UGA,2010,8.57
USA,2010,8.63
BRB,2010,8.67
SRB,2010,8.87
CYP,2010,9.05
GRD,2010,7.85
KNA,2010,9.0
NLD,2010,9.07
ESP,2010,9.11
BHS,2010,9.29
ZWE,2010,2.5
COK,2010,9.85
FIN,2010,9.83
LVA,2010,9.93
GBR,2010,9.91
SYC,2010,8.14
GEO,2010,7.49
MDA,2010,6.1
MNG,2010,6.98
THA,2010,6.29
BLZ,2010,6.4
TZA,2010,6.4
JPN,2010,6.51
NOR,2010,6.57
BWA,2010,6.66
DMA,2010,6.84
ITA,2010,6.78
ISL,2010,6.96
MLT,2010,7.09
CHL,2010,7.41
MUS,2010,7.07
VCT,2010,7.07
ZAF,2010,7.21
ATG,2010,7.35
ARG,2010,7.26
BRA,2010,7.27
SWE,2010,7.33
VEN,2010,7.35
AGO,2010,7.4
GMB,2010,2.6
NZL,2010,9.44
LSO,2010,2.48
SYR,2010,0.71
TCD,2010,0.54
DJI,2010,0.47
JOR,2010,0.45
MYS,2010,0.52
MAR,2010,0.48
NPL,2010,0.54
OMN,2010,0.5
AZE,2010,0.73
MDG,2010,0.74
TJK,2010,0.68
DZA,2010,0.41
ETH,2010,0.84
SLB,2010,0.78
MOZ,2010,0.87
RWA,2010,0.86
ERI,2010,1.04
MMR,2010,0.98
PNG,2010,0.98
TON,2010,0.96
QAT,2010,1.05
BRN,2010,0.46
SEN,2010,0.31
TGO,2010,1.29
YEM,2010,0.038
AFG,2010,0.01
BGD,2010,0.003
KWT,2010,0.0
LBY,2010,0.007
MRT,2010,0.0
PAK,2010,0.044
SAU,2010,0.0
SOM,2010,0.0
SDN,2010,0.028
COM,2010,0.14
KIR,2010,0.33
IDN,2010,0.074
NER,2010,0.11
BTN,2010,0.22
EGY,2010,0.2
GIN,2010,0.22
IRN,2010,0.19
IRQ,2010,0.16
SLE,2010,0.22
TLS,2010,0.23
TUV,2010,1.18
FJI,2010,2.43
TUN,2010,1.29
KHM,2010,1.99
PRT,2010,11.21
HRV,2010,11.31
IRL,2010,11.4
LUX,2010,11.83
AUT,2010,11.9
FRA,2010,12.44
CZE,2010,12.89
LTU,2010,13.24
EST,2010,15.42
GTM,2010,2.04
DEU,2010,11.22
KEN,2010,1.98
MWI,2010,1.96
WSM,2010,2.09
BHR,2010,2.2
GHA,2010,2.27
LKA,2010,2.34
VNM,2010,2.29
SLV,2010,2.37
LBN,2010,1.45
HUN,2010,11.2
BLR,2010,14.33
RUS,2010,10.75
BGR,2010,10.0
AND,2010,10.77
TUR,2010,1.43
VUT,2010,1.46
COD,2010,1.64
ARE,2010,1.71
UZB,2010,1.75
SGP,2010,1.82
CIV,2010,1.95
FSM,2010,1.88
CAF,2010,1.8
CHE,2010,10.05
ROU,2010,10.2
MDV,2010,1.4
AUS,2010,10.48
SVK,2010,10.36
LCA,2010,10.36
SVN,2010,10.49
POL,2010,10.16
DNK,2010,10.2
BEL,2010,10.17
STP,2009,4.67
ARM,2009,4.04
CRI,2009,4.05
CHN,2009,4.22
COL,2009,4.35
CUB,2009,4.3
MEX,2009,4.32
CPV,2009,4.48
NGA,2009,4.72
PHL,2009,4.73
DOM,2009,5.69
BIH,2009,4.77
BDI,2009,5.04
SUR,2009,5.02
ALB,2009,5.12
PER,2009,5.27
BFA,2009,5.46
GUY,2009,5.51
LAO,2009,5.57
CMR,2009,5.65
MKD,2009,3.81
NAM,2009,3.88
TKM,2009,2.34
ECU,2009,3.68
ZMB,2009,2.66
KGZ,2009,5.89
FJI,2009,2.44
BEN,2009,2.54
CIV,2009,2.49
SLV,2009,2.46
ISR,2009,2.61
WSM,2009,2.57
GMB,2009,2.69
LSO,2009,2.67
HND,2009,2.78
COG,2009,3.63
JAM,2009,2.84
NRU,2009,2.93
GNB,2009,3.05
HTI,2009,3.1
LBR,2009,3.11
PRK,2009,3.35
NIC,2009,3.39
BOL,2009,3.47
KAZ,2009,3.52
TTO,2009,5.8
SWE,2009,7.24
PAN,2009,6.04
USA,2009,8.66
MNG,2009,7.73
VEN,2009,7.85
GNQ,2009,8.0
GRD,2009,8.1
GAB,2009,8.34
CAN,2009,8.36
GRC,2009,8.7
UGA,2009,8.7
UKR,2009,8.73
BRB,2009,8.83
CHL,2009,7.51
KOR,2009,9.06
NLD,2009,9.24
CYP,2009,9.39
NZL,2009,9.45
BHS,2009,9.59
KNA,2009,9.67
ESP,2009,9.66
SRB,2009,9.78
BHR,2009,2.26
ATG,2009,7.69
SYC,2009,7.43
MDA,2009,6.0
ITA,2009,6.73
TZA,2009,6.0
URY,2009,6.03
THA,2009,6.11
SWZ,2009,6.24
PRY,2009,6.32
NIU,2009,6.4
JPN,2009,6.51
BLZ,2009,6.61
BWA,2009,6.65
NOR,2009,6.67
GEO,2009,7.38
ARG,2009,7.01
MUS,2009,6.96
ISL,2009,7.07
MLT,2009,7.09
VCT,2009,7.09
AGO,2009,7.18
BRA,2009,7.16
DMA,2009,7.2
ZAF,2009,7.19
IND,2009,2.35
LKA,2009,2.15
AFG,2009,0.018
MOZ,2009,0.82
TCD,2009,0.51
DJI,2009,0.5
JOR,2009,0.48
MYS,2009,0.5
MAR,2009,0.49
OMN,2009,0.51
TJK,2009,0.64
MDG,2009,0.72
ETH,2009,0.79
SLB,2009,0.79
DZA,2009,0.4
SYR,2009,0.75
AZE,2009,0.88
ERI,2009,0.94
MMR,2009,0.88
RWA,2009,0.88
QAT,2009,1.07
TON,2009,1.06
TUV,2009,1.08
PNG,2009,1.16
BRN,2009,0.38
SEN,2009,0.32
TUN,2009,1.31
YEM,2009,0.039
GHA,2009,2.25
BGD,2009,0.003
KWT,2009,0.0
LBY,2009,0.008
MRT,2009,0.0
PAK,2009,0.04
SAU,2009,0.0
SOM,2009,0.0
SDN,2009,0.0
COM,2009,0.14
KIR,2009,0.34
IDN,2009,0.072
IRN,2009,0.087
NER,2009,0.11
TLS,2009,0.1
BTN,2009,0.19
EGY,2009,0.21
GIN,2009,0.2
IRQ,2009,0.15
SLE,2009,0.21
VUT,2009,1.22
NPL,2009,0.36
MDV,2009,1.44
AUS,2009,10.63
SVK,2009,10.74
LCA,2009,10.93
AND,2009,11.08
ROU,2009,11.13
RUS,2009,11.13
HRV,2009,11.29
DEU,2009,11.26
HUN,2009,11.32
PRT,2009,11.41
IRL,2009,11.7
AUT,2009,11.93
LUX,2009,11.88
FRA,2009,12.5
LTU,2009,12.91
CZE,2009,13.25
BLR,2009,14.39
EST,2009,15.66
COD,2009,2.0
GTM,2009,2.06
VNM,2009,2.06
TUR,2009,1.41
SVN,2009,10.6
ZWE,2009,2.12
LVA,2009,10.53
FSM,2009,1.91
LBN,2009,1.46
KHM,2009,1.65
MLI,2009,1.68
ARE,2009,1.73
UZB,2009,1.71
CAF,2009,1.78
KEN,2009,1.84
SGP,2009,1.75
MWI,2009,1.88
TGO,2009,1.36
FIN,2009,9.98
MNE,2009,10.17
BGR,2009,10.18
GBR,2009,10.2
BEL,2009,10.29
COK,2009,10.27
DNK,2009,10.3
POL,2009,10.35
CHE,2009,10.15
MKD,2008,3.84
CUB,2008,4.29
CRI,2008,4.24
ARM,2008,3.96
ECU,2008,3.59
NAM,2008,3.73
CHN,2008,3.69
KAZ,2008,3.55
CPV,2008,4.47
MEX,2008,4.38
SUR,2008,4.85
COL,2008,4.5
PHL,2008,4.51
PER,2008,4.82
BIH,2008,4.93
STP,2008,5.02
BDI,2008,5.1
ALB,2008,5.17
LAO,2008,5.18
CMR,2008,5.41
HTI,2008,3.51
NIC,2008,3.53
LSO,2008,2.8
BOL,2008,3.41
FJI,2008,2.61
GTM,2008,2.15
LKA,2008,2.15
TKM,2008,2.12
BHR,2008,2.21
NRU,2008,2.16
COD,2008,2.3
ISR,2008,2.53
ZMB,2008,2.5
SLV,2008,2.61
JAM,2008,2.81
COG,2008,3.29
GUY,2008,5.47
WSM,2008,2.81
UZB,2008,2.78
GMB,2008,2.85
HND,2008,2.87
CIV,2008,3.03
PRK,2008,3.2
GNB,2008,3.19
LBR,2008,3.22
BFA,2008,5.5
GHA,2008,1.98
DOM,2008,5.82
GRD,2008,8.42
MLT,2008,7.35
CHL,2008,7.46
DMA,2008,7.49
GNQ,2008,7.81
ATG,2008,8.08
SYC,2008,8.14
MNG,2008,8.2
CAN,2008,8.32
VEN,2008,8.35
GAB,2008,8.47
ISL,2008,7.32
BRB,2008,8.74
USA,2008,8.72
UKR,2008,8.84
GRC,2008,8.85
KOR,2008,9.11
NZL,2008,9.31
NLD,2008,9.36
CYP,2008,9.45
SRB,2008,9.59
ZAF,2008,7.3
GEO,2008,7.2
PAN,2008,5.81
SWZ,2008,6.74
TTO,2008,5.83
KGZ,2008,5.96
NGA,2008,5.98
URY,2008,6.12
TZA,2008,6.16
NIU,2008,6.29
PRY,2008,6.27
MDA,2008,6.31
JPN,2008,6.58
NOR,2008,6.68
SWE,2008,7.1
VCT,2008,6.69
THA,2008,6.68
AGO,2008,6.85
ARG,2008,6.84
BLZ,2008,6.8
BWA,2008,6.8
ITA,2008,6.81
BRA,2008,7.03
MUS,2008,6.97
IND,2008,1.96
COK,2008,9.69
EST,2008,16.5
MDG,2008,0.69
DJI,2008,0.48
JOR,2008,0.49
KIR,2008,0.48
MYS,2008,0.48
MAR,2008,0.49
OMN,2008,0.51
BRN,2008,0.57
MLI,2008,0.57
TJK,2008,0.63
SYR,2008,0.75
DZA,2008,0.38
ETH,2008,0.76
MOZ,2008,0.79
MMR,2008,0.8
SLB,2008,0.79
AZE,2008,0.85
RWA,2008,0.87
TUV,2008,0.95
VUT,2008,1.04
BEN,2008,1.13
TCD,2008,0.48
SEN,2008,0.34
TON,2008,1.19
SDN,2008,0.0
AFG,2008,0.02
BGD,2008,0.003
IRN,2008,0.026
KWT,2008,0.0
LBY,2008,0.009
MRT,2008,0.0
PAK,2008,0.034
SAU,2008,0.0
SOM,2008,0.0
YEM,2008,0.04
SLE,2008,0.2
IDN,2008,0.067
IRQ,2008,0.14
NER,2008,0.1
TLS,2008,0.057
BTN,2008,0.16
COM,2008,0.15
EGY,2008,0.2
GIN,2008,0.2
NPL,2008,0.17
QAT,2008,1.1
BLR,2008,14.24
ERI,2008,1.32
AND,2008,11.57
AUS,2008,10.65
GBR,2008,10.55
SVN,2008,10.83
MNE,2008,10.89
SVK,2008,10.88
LVA,2008,11.0
HRV,2008,11.35
DEU,2008,11.39
ROU,2008,11.48
RUS,2008,11.56
POL,2008,10.45
LCA,2008,11.73
HUN,2008,11.94
AUT,2008,12.07
LUX,2008,12.05
IRL,2008,12.32
FRA,2008,12.71
LTU,2008,13.5
CZE,2008,13.64
TUN,2008,1.3
KNA,2008,10.5
PRT,2008,11.5
DNK,2008,10.53
VNM,2008,1.83
ESP,2008,10.43
LBN,2008,1.43
PNG,2008,1.36
TUR,2008,1.35
TGO,2008,1.42
MDV,2008,1.47
ARE,2008,1.7
CAF,2008,1.76
KEN,2008,1.81
SGP,2008,1.67
MWI,2008,1.87
BHS,2008,10.08
KHM,2008,1.36
BGR,2008,10.34
FIN,2008,10.22
BEL,2008,10.15
CHE,2008,10.3
UGA,2008,10.01
ZWE,2008,1.94
FSM,2008,1.87
MEX,2007,4.65
NIC,2007,3.64
UZB,2007,3.74
ARM,2007,3.94
MKD,2007,3.88
CRI,2007,4.31
CUB,2007,4.33
PHL,2007,4.41
CPV,2007,4.58
COL,2007,4.57
PAN,2007,5.46
PER,2007,4.64
LAO,2007,4.66
SUR,2007,4.72
KAZ,2007,4.77
BIH,2007,4.94
ALB,2007,4.97
BDI,2007,5.14
CMR,2007,5.2
GUY,2007,5.42
HTI,2007,3.5
NAM,2007,3.56
COD,2007,2.14
ECU,2007,3.49
LSO,2007,2.73
BFA,2007,5.57
LKA,2007,2.12
GTM,2007,2.23
NRU,2007,2.24
TKM,2007,2.29
ISR,2007,2.44
FJI,2007,2.54
ZMB,2007,2.57
SLV,2007,2.68
GMB,2007,2.93
GNB,2007,3.4
JAM,2007,2.87
CIV,2007,3.0
COG,2007,3.03
HND,2007,2.96
WSM,2007,3.06
BOL,2007,3.2
PRK,2007,3.18
CHN,2007,3.26
LBR,2007,3.29
STP,2007,5.52
ISL,2007,7.31
DOM,2007,5.88
BRB,2007,8.71
DMA,2007,7.69
MLT,2007,7.71
CAN,2007,8.24
GNQ,2007,8.22
UKR,2007,8.32
ATG,2007,8.43
GAB,2007,8.57
GRD,2007,8.61
VEN,2007,8.56
COK,2007,8.69
THA,2007,7.37
USA,2007,8.71
GRC,2007,8.88
SYC,2007,8.91
KOR,2007,9.06
NZL,2007,9.35
SRB,2007,9.42
NLD,2007,9.51
CYP,2007,9.62
GHA,2007,1.96
MNG,2007,7.54
ZAF,2007,7.35
TTO,2007,5.85
AGO,2007,6.66
NGA,2007,6.1
TZA,2007,6.08
URY,2007,6.11
KGZ,2007,6.2
NIU,2007,6.32
PRY,2007,6.26
VCT,2007,6.29
ARG,2007,6.57
NOR,2007,6.61
BLZ,2007,6.75
BWA,2007,7.43
JPN,2007,6.8
MDA,2007,6.93
SWE,2007,6.94
BRA,2007,6.97
SWZ,2007,6.96
GEO,2007,6.97
MUS,2007,6.98
ITA,2007,7.09
CHL,2007,7.34
BHR,2007,2.14
MNE,2007,9.68
EST,2007,17.44
BRN,2007,0.7
DJI,2007,0.47
JOR,2007,0.5
KIR,2007,0.52
MYS,2007,0.47
MAR,2007,0.48
OMN,2007,0.52
MDG,2007,0.61
MLI,2007,0.57
TJK,2007,0.63
MMR,2007,0.72
DZA,2007,0.37
SLB,2007,0.72
SYR,2007,0.74
ETH,2007,0.77
MOZ,2007,0.76
AZE,2007,0.92
RWA,2007,0.91
TUV,2007,0.93
VUT,2007,1.03
BEN,2007,1.08
SEN,2007,0.35
SLE,2007,0.18
KHM,2007,1.28
SOM,2007,0.0
BLR,2007,13.78
AFG,2007,0.024
BGD,2007,0.003
IRN,2007,0.022
KWT,2007,0.0
LBY,2007,0.008
MRT,2007,0.0
PAK,2007,0.034
SAU,2007,0.0
SDN,2007,0.0
NPL,2007,0.16
TLS,2007,0.043
YEM,2007,0.043
IDN,2007,0.064
IRQ,2007,0.12
NER,2007,0.1
BTN,2007,0.2
COM,2007,0.18
EGY,2007,0.2
GIN,2007,0.19
QAT,2007,1.12
TCD,2007,0.46
PNG,2007,1.34
BHS,2007,10.55
SVK,2007,10.76
GBR,2007,10.87
ROU,2007,11.11
KNA,2007,11.1
ESP,2007,11.05
LVA,2007,11.17
HRV,2007,11.28
SVN,2007,11.41
UGA,2007,11.55
DEU,2007,11.57
PRT,2007,11.61
RUS,2007,11.75
AND,2007,11.95
LUX,2007,12.21
AUT,2007,12.33
HUN,2007,12.51
LCA,2007,12.5
FRA,2007,12.84
IRL,2007,13.06
LTU,2007,13.62
TUR,2007,1.31
DNK,2007,10.84
CZE,2007,13.69
AUS,2007,10.54
CAF,2007,1.75
TUN,2007,1.31
ERI,2007,1.42
LBN,2007,1.44
MDV,2007,1.41
TGO,2007,1.43
IND,2007,1.59
SGP,2007,1.61
VNM,2007,1.63
ARE,2007,1.67
TON,2007,1.29
KEN,2007,1.82
MWI,2007,1.94
ZWE,2007,1.9
BEL,2007,10.13
BGR,2007,10.21
FIN,2007,10.29
POL,2007,10.31
CHE,2007,10.33
FSM,2007,1.77
LAO,2006,4.18
PHL,2006,4.39
PER,2006,4.4
CUB,2006,4.39
NIC,2006,3.66
CRI,2006,4.24
MKD,2006,3.95
ARM,2006,3.99
COL,2006,4.55
CPV,2006,4.57
MEX,2006,4.89
SUR,2006,4.6
UZB,2006,4.6
ALB,2006,4.79
BIH,2006,4.77
CMR,2006,4.99
BDI,2006,5.15
PAN,2006,5.1
NIU,2006,5.29
GUY,2006,5.47
NAM,2006,3.51
GNB,2006,3.6
BOL,2006,2.93
HTI,2006,3.51
SLV,2006,2.7
BHR,2006,2.14
NRU,2006,2.07
LKA,2006,2.07
GTM,2006,2.27
FJI,2006,2.41
ISR,2006,2.39
TKM,2006,2.47
ZMB,2006,2.6
COG,2006,2.7
LSO,2006,2.69
LBR,2006,3.37
DOM,2006,5.8
CHN,2006,2.89
JAM,2006,2.93
CIV,2006,3.03
HND,2006,3.01
GMB,2006,3.07
WSM,2006,3.14
PRK,2006,3.19
ECU,2006,3.43
BFA,2006,5.7
POL,2006,9.73
KAZ,2006,5.82
GNQ,2006,8.49
MDA,2006,7.41
UKR,2006,7.45
COK,2006,7.84
DMA,2006,7.98
CAN,2006,8.13
THA,2006,8.05
ATG,2006,8.33
BRB,2006,8.38
VEN,2006,8.44
GRD,2006,8.52
CHL,2006,7.43
GAB,2006,8.55
USA,2006,8.64
SRB,2006,8.82
GRC,2006,8.93
KOR,2006,8.97
NZL,2006,9.29
SYC,2006,9.32
CYP,2006,9.45
NLD,2006,9.51
MLT,2006,7.4
ZAF,2006,7.31
PRY,2006,5.82
MNG,2006,6.29
TTO,2006,5.77
VCT,2006,5.93
STP,2006,5.9
GEO,2006,5.95
ARG,2006,6.18
KGZ,2006,6.22
NGA,2006,6.18
URY,2006,6.17
AGO,2006,6.31
TZA,2006,6.35
ITA,2006,7.28
BLZ,2006,6.49
NOR,2006,6.48
SWE,2006,6.77
BRA,2006,6.89
JPN,2006,7.05
BWA,2006,7.07
SWZ,2006,7.14
MUS,2006,7.15
ISL,2006,7.26
ZWE,2006,2.02
COD,2006,2.04
EST,2006,17.31
ETH,2006,0.73
TCD,2006,0.45
DJI,2006,0.46
JOR,2006,0.48
MYS,2006,0.47
MAR,2006,0.46
KIR,2006,0.59
MDG,2006,0.62
MLI,2006,0.56
OMN,2006,0.55
MOZ,2006,0.73
BTN,2006,0.4
MMR,2006,0.67
SLB,2006,0.7
TJK,2006,0.7
AZE,2006,0.81
SYR,2006,0.76
TUV,2006,0.81
BEN,2006,1.02
RWA,2006,0.97
VUT,2006,1.0
BRN,2006,0.53
DZA,2006,0.4
KHM,2006,1.2
SDN,2006,0.0
CZE,2006,13.69
BGD,2006,0.002
IRN,2006,0.018
KWT,2006,0.0
LBY,2006,0.006
MRT,2006,0.0
PAK,2006,0.033
SAU,2006,0.0
SOM,2006,0.0
YEM,2006,0.044
SEN,2006,0.35
IDN,2006,0.06
IRQ,2006,0.11
NER,2006,0.097
TLS,2006,0.14
COM,2006,0.24
EGY,2006,0.17
GIN,2006,0.2
NPL,2006,0.16
SLE,2006,0.16
QAT,2006,1.14
AFG,2006,0.02
MDV,2006,1.25
PRT,2006,11.78
LVA,2006,10.47
SVK,2006,10.57
HRV,2006,11.05
DNK,2006,11.04
GBR,2006,11.12
KNA,2006,11.28
SVN,2006,11.49
RUS,2006,11.59
ESP,2006,11.61
AND,2006,12.29
AUS,2006,10.39
LUX,2006,12.31
AUT,2006,12.4
BLR,2006,12.65
HUN,2006,12.91
LCA,2006,12.91
FRA,2006,12.96
UGA,2006,13.03
LTU,2006,13.18
IRL,2006,13.36
BHS,2006,10.41
DEU,2006,11.66
MNE,2006,10.38
ARE,2006,1.62
CHE,2006,10.28
TUN,2006,1.3
ERI,2006,1.45
IND,2006,1.37
PNG,2006,1.37
TGO,2006,1.38
TON,2006,1.42
VNM,2006,1.45
LBN,2006,1.46
SGP,2006,1.55
TUR,2006,1.27
CAF,2006,1.7
KEN,2006,1.86
FIN,2006,10.19
BGR,2006,10.0
BEL,2006,9.97
ROU,2006,10.19
GHA,2006,1.91
FSM,2006,1.75
MWI,2006,1.83
COL,2005,4.42
LAO,2005,3.68
NIC,2005,3.65
MNG,2005,3.82
ARM,2005,3.89
MKD,2005,4.11
CRI,2005,4.19
CPV,2005,4.27
PER,2005,4.33
UZB,2005,4.27
SUR,2005,4.56
PHL,2005,4.45
ALB,2005,4.46
BIH,2005,4.49
CUB,2005,4.5
NAM,2005,3.56
CMR,2005,4.79
GEO,2005,4.81
PAN,2005,4.96
ZWE,2005,2.03
MEX,2005,5.13
PRY,2005,5.54
NRU,2005,2.24
HTI,2005,3.53
LSO,2005,2.67
GUY,2005,5.62
FJI,2005,2.26
GTM,2005,2.27
COG,2005,2.43
ISR,2005,2.35
CHN,2005,2.57
TKM,2005,2.58
BOL,2005,2.68
SLV,2005,2.72
ZMB,2005,2.75
GNB,2005,3.54
CIV,2005,3.05
HND,2005,2.97
JAM,2005,2.98
PRK,2005,3.18
GMB,2005,3.19
WSM,2005,3.27
ECU,2005,3.45
LBR,2005,3.42
COD,2005,3.48
DOM,2005,5.59
SWZ,2005,7.09
TTO,2005,5.6
DMA,2005,8.35
MDA,2005,7.63
ATG,2005,7.65
ITA,2005,7.88
CAN,2005,7.97
VEN,2005,8.02
BRB,2005,8.14
THA,2005,8.06
GAB,2005,8.16
GRD,2005,8.28
GNQ,2005,8.4
AGO,2005,5.72
SYC,2005,8.46
USA,2005,8.55
GRC,2005,8.85
KOR,2005,9.01
NZL,2005,9.28
POL,2005,9.34
NLD,2005,9.55
LVA,2005,9.67
CYP,2005,9.85
ZAF,2005,7.23
MUS,2005,7.24
JPN,2005,7.15
COK,2005,7.1
ARG,2005,5.73
BFA,2005,5.67
VCT,2005,5.72
TZA,2005,5.89
URY,2005,6.06
BLZ,2005,6.17
KGZ,2005,6.18
NGA,2005,6.23
NIU,2005,6.33
STP,2005,6.29
NOR,2005,6.35
BWA,2005,6.58
KAZ,2005,6.58
SWE,2005,6.62
BRA,2005,6.82
MLT,2005,6.9
UKR,2005,6.91
ISL,2005,6.99
CHL,2005,7.07
BHR,2005,2.13
BDI,2005,5.14
GHA,2005,2.05
AZE,2005,0.72
DJI,2005,0.46
JOR,2005,0.47
MYS,2005,0.5
MAR,2005,0.46
KIR,2005,0.57
MDG,2005,0.64
MLI,2005,0.55
MMR,2005,0.63
OMN,2005,0.57
BTN,2005,0.67
DZA,2005,0.44
ETH,2005,0.69
MOZ,2005,0.73
SLB,2005,0.72
SYR,2005,0.79
TJK,2005,0.75
ERI,2005,0.89
RWA,2005,0.97
VUT,2005,1.0
BEN,2005,1.06
TCD,2005,0.43
SEN,2005,0.35
IND,2005,1.24
SDN,2005,0.0
AFG,2005,0.021
BGD,2005,0.002
IRN,2005,0.013
KWT,2005,0.0
LBY,2005,0.026
MRT,2005,0.0
PAK,2005,0.028
SAU,2005,0.0
SOM,2005,0.0
YEM,2005,0.046
GIN,2005,0.25
IDN,2005,0.058
IRQ,2005,0.096
NER,2005,0.096
EGY,2005,0.16
NPL,2005,0.17
SLE,2005,0.16
TLS,2005,0.25
BRN,2005,0.29
COM,2005,0.31
KHM,2005,1.07
EST,2005,16.66
MDV,2005,1.21
AUT,2005,12.27
KNA,2005,10.97
DNK,2005,11.16
SVN,2005,11.15
HRV,2005,11.25
RUS,2005,11.34
GBR,2005,11.29
ESP,2005,11.7
DEU,2005,11.77
PRT,2005,12.02
AND,2005,12.36
ROU,2005,10.43
LUX,2005,12.39
LTU,2005,12.62
LCA,2005,12.63
FRA,2005,13.02
UGA,2005,13.13
HUN,2005,13.16
IRL,2005,13.33
CZE,2005,13.55
QAT,2005,1.15
SVK,2005,10.38
BLR,2005,12.01
CHE,2005,10.31
CAF,2005,1.68
AUS,2005,10.15
PNG,2005,1.33
TUR,2005,1.34
TUN,2005,1.31
VNM,2005,1.31
TON,2005,1.36
LBN,2005,1.53
SGP,2005,1.49
ARE,2005,1.62
TUV,2005,1.35
KEN,2005,1.68
BGR,2005,9.98
TGO,2005,1.21
BHS,2005,10.1
FIN,2005,10.0
BEL,2005,10.06
FSM,2005,1.89
LKA,2005,1.82
MWI,2005,1.68
SUR,2004,4.55
CPV,2004,4.01
UZB,2004,3.99
ALB,2004,4.15
CRI,2004,4.11
BIH,2004,4.29
COL,2004,4.31
PER,2004,4.27
MKD,2004,4.35
PHL,2004,4.53
TTO,2004,5.36
CMR,2004,4.63
CUB,2004,4.58
COD,2004,4.73
PAN,2004,4.92
TZA,2004,4.94
AGO,2004,5.12
MEX,2004,5.05
PRY,2004,5.07
BDI,2004,5.31
NIC,2004,3.68
GEO,2004,3.94
NRU,2004,2.33
NAM,2004,3.58
HND,2004,2.92
VCT,2004,5.47
BOL,2004,2.42
CHN,2004,2.39
FSM,2004,2.36
TKM,2004,2.59
LSO,2004,2.67
ZMB,2004,2.7
SLV,2004,2.79
MNG,2004,2.85
JAM,2004,2.95
LAO,2004,3.58
CIV,2004,3.12
PRK,2004,3.13
GNB,2004,3.21
GMB,2004,3.3
ECU,2004,3.5
HTI,2004,3.54
LBR,2004,3.45
WSM,2004,3.47
ARM,2004,3.57
ARG,2004,5.5
ZAF,2004,7.16
BFA,2004,5.61
ITA,2004,8.57
SWZ,2004,7.58
BRB,2004,7.7
CAN,2004,7.84
THA,2004,7.96
GNQ,2004,8.18
SYC,2004,8.24
GRD,2004,8.25
DMA,2004,8.38
USA,2004,8.48
GRC,2004,8.79
URY,2004,5.73
LVA,2004,8.95
NZL,2004,9.14
POL,2004,9.11
KOR,2004,9.29
NLD,2004,9.52
CYP,2004,9.64
FIN,2004,9.72
BHS,2004,9.79
GTM,2004,2.29
VEN,2004,7.45
GAB,2004,7.52
MDA,2004,7.4
MUS,2004,7.3
DOM,2004,5.78
GUY,2004,5.82
BLZ,2004,6.09
BWA,2004,6.09
KGZ,2004,6.09
MLT,2004,6.18
NGA,2004,6.25
NOR,2004,6.21
KAZ,2004,6.39
STP,2004,6.62
SWE,2004,6.64
UKR,2004,6.71
BRA,2004,6.77
CHL,2004,6.75
ISL,2004,6.76
NIU,2004,6.8
ATG,2004,6.92
JPN,2004,7.06
COK,2004,7.23
ISR,2004,2.35
COG,2004,2.3
AFG,2004,0.016
OMN,2004,0.57
JOR,2004,0.45
MYS,2004,0.52
MAR,2004,0.45
AZE,2004,0.62
ERI,2004,0.63
ETH,2004,0.59
KIR,2004,0.59
MLI,2004,0.56
MMR,2004,0.61
BTN,2004,0.75
TCD,2004,0.43
MDG,2004,0.69
MOZ,2004,0.74
SLB,2004,0.65
SYR,2004,0.83
TJK,2004,0.81
KHM,2004,0.96
RWA,2004,0.96
BEN,2004,1.12
QAT,2004,1.14
TLS,2004,0.37
DZA,2004,0.43
VUT,2004,1.08
SDN,2004,0.0
FJI,2004,2.12
BGD,2004,0.002
IRN,2004,0.01
KWT,2004,0.0
LBY,2004,0.027
MRT,2004,0.0
PAK,2004,0.023
SAU,2004,0.0
SOM,2004,0.0
YEM,2004,0.048
SEN,2004,0.35
BRN,2004,0.11
EGY,2004,0.15
IDN,2004,0.054
IRQ,2004,0.074
NER,2004,0.092
NPL,2004,0.17
SLE,2004,0.17
COM,2004,0.34
GIN,2004,0.27
TGO,2004,1.1
DJI,2004,0.46
IND,2004,1.19
LUX,2004,12.49
ESP,2004,11.43
GBR,2004,11.41
BLR,2004,11.5
HRV,2004,11.77
DEU,2004,11.82
LTU,2004,11.94
AUT,2004,12.23
PRT,2004,12.15
AND,2004,12.29
LCA,2004,12.45
RUS,2004,11.2
FRA,2004,13.16
HUN,2004,13.15
UGA,2004,13.21
IRL,2004,13.31
CZE,2004,13.65
EST,2004,14.58
GHA,2004,2.05
ZWE,2004,2.01
VNM,2004,1.16
DNK,2004,11.35
BHR,2004,2.14
ROU,2004,10.99
LBN,2004,1.62
SVN,2004,10.92
PNG,2004,1.34
TUN,2004,1.27
TUR,2004,1.42
TON,2004,1.38
MWI,2004,1.53
SGP,2004,1.45
TUV,2004,1.46
KEN,2004,1.61
MDV,2004,1.28
ARE,2004,1.62
LKA,2004,1.76
AUS,2004,10.04
BEL,2004,10.1
KNA,2004,10.08
SVK,2004,10.24
BGR,2004,10.33
CHE,2004,10.51
CAF,2004,1.67
COL,2003,4.32
CUB,2003,4.46
CMR,2003,4.52
MKD,2003,4.28
CPV,2003,3.98
PER,2003,4.17
CRI,2003,4.13
BIH,2003,4.09
SUR,2003,4.52
BLZ,2003,5.63
PAN,2003,4.93
AGO,2003,4.62
PHL,2003,4.56
TZA,2003,4.68
PRY,2003,4.83
MEX,2003,5.01
VCT,2003,5.09
TTO,2003,5.14
ARG,2003,5.39
BFA,2003,5.47
ALB,2003,3.76
UZB,2003,3.78
PRK,2003,3.1
NIC,2003,3.62
JAM,2003,2.94
COK,2003,5.64
CHN,2003,2.38
TKM,2003,2.52
LSO,2003,2.67
FSM,2003,2.66
NRU,2003,2.69
SLV,2003,2.85
ZMB,2003,2.78
HND,2003,2.89
GNB,2003,2.97
NAM,2003,3.64
CIV,2003,3.12
ARM,2003,3.15
GMB,2003,3.29
GEO,2003,3.52
LAO,2003,3.47
LBR,2003,3.46
WSM,2003,3.48
ECU,2003,3.59
HTI,2003,3.59
BDI,2003,5.59
GTM,2003,2.31
URY,2003,5.69
USA,2003,8.4
GNQ,2003,7.68
SWZ,2003,7.65
THA,2003,7.72
CAN,2003,7.76
SYC,2003,8.07
LVA,2003,8.16
GRD,2003,8.25
DMA,2003,8.37
GRC,2003,8.38
POL,2003,8.76
GUY,2003,5.92
NZL,2003,9.06
ITA,2003,9.18
KNA,2003,9.34
FIN,2003,9.48
KOR,2003,9.46
NLD,2003,9.59
CYP,2003,9.73
BHS,2003,9.81
AUS,2003,9.88
GAB,2003,7.53
BRB,2003,7.4
MUS,2003,7.26
ZAF,2003,7.17
COD,2003,6.0
DOM,2003,6.05
KGZ,2003,5.98
MLT,2003,6.04
NOR,2003,6.05
BWA,2003,6.11
KAZ,2003,6.13
CHL,2003,6.25
NGA,2003,6.22
ATG,2003,6.46
NIU,2003,6.51
MDA,2003,6.55
ISL,2003,6.59
STP,2003,6.72
BRA,2003,6.84
SWE,2003,6.76
UKR,2003,6.82
JPN,2003,6.99
VEN,2003,7.11
ISR,2003,2.34
AFG,2003,0.013
COG,2003,2.34
MLI,2003,0.57
JOR,2003,0.46
MYS,2003,0.53
MAR,2003,0.45
OMN,2003,0.53
AZE,2003,0.56
BTN,2003,0.59
ERI,2003,0.61
ETH,2003,0.55
KIR,2003,0.63
MMR,2003,0.59
SEN,2003,0.36
SLB,2003,0.63
MDG,2003,0.74
MOZ,2003,0.73
KHM,2003,0.83
RWA,2003,0.95
SYR,2003,0.87
TJK,2003,0.85
TGO,2003,1.0
VNM,2003,1.03
TLS,2003,0.39
TCD,2003,0.41
IND,2003,1.14
SOM,2003,0.0
BOL,2003,2.25
BGD,2003,0.002
IRN,2003,0.007
IRQ,2003,0.039
KWT,2003,0.0
LBY,2003,0.027
MRT,2003,0.0
PAK,2003,0.018
SAU,2003,0.0
SDN,2003,0.0
DZA,2003,0.38
BRN,2003,0.11
EGY,2003,0.14
IDN,2003,0.052
NER,2003,0.094
YEM,2003,0.06
NPL,2003,0.17
SLE,2003,0.18
COM,2003,0.27
GIN,2003,0.27
BEN,2003,1.13
DJI,2003,0.46
QAT,2003,1.07
LUX,2003,12.75
LTU,2003,11.46
BLR,2003,11.68
LCA,2003,11.78
DEU,2003,12.0
AND,2003,12.22
AUT,2003,12.17
ROU,2003,12.16
PRT,2003,12.33
HRV,2003,12.67
EST,2003,13.11
DNK,2003,11.37
HUN,2003,13.26
UGA,2003,13.38
FRA,2003,13.5
IRL,2003,13.61
CZE,2003,13.69
FJI,2003,2.05
GHA,2003,2.09
ZWE,2003,2.13
VUT,2003,1.15
GBR,2003,11.4
BHR,2003,2.22
RUS,2003,10.98
CAF,2003,1.68
ESP,2003,10.93
TON,2003,1.26
MDV,2003,1.44
PNG,2003,1.36
TUV,2003,1.42
MWI,2003,1.53
TUR,2003,1.53
KEN,2003,1.6
ARE,2003,1.61
TUN,2003,1.24
LBN,2003,1.67
LKA,2003,1.65
MNG,2003,1.93
BEL,2003,10.2
SVK,2003,10.23
SVN,2003,10.48
BGR,2003,10.64
CHE,2003,10.74
SGP,2003,1.68
COK,2002,4.08
CRI,2002,4.16
PER,2002,4.05
MKD,2002,4.07
ECU,2002,3.74
BIH,2002,4.0
CPV,2002,3.84
ALB,2002,3.75
CUB,2002,4.34
MEX,2002,5.01
PHL,2002,4.57
CMR,2002,4.44
COL,2002,4.37
SUR,2002,4.38
AGO,2002,4.47
TTO,2002,4.81
PAN,2002,4.88
PRY,2002,4.94
VCT,2002,4.93
TZA,2002,4.88
NAM,2002,3.65
UZB,2002,3.63
FSM,2002,2.93
HTI,2002,3.61
ZMB,2002,2.85
BLZ,2002,5.21
GTM,2002,2.35
ISR,2002,2.37
TKM,2002,2.45
CHN,2002,2.48
LSO,2002,2.71
SLV,2002,2.84
HND,2002,2.81
NRU,2002,2.77
ARM,2002,2.89
WSM,2002,3.47
PRK,2002,2.9
GNB,2002,2.98
JAM,2002,3.0
CIV,2002,3.12
GMB,2002,3.21
LAO,2002,3.33
GEO,2002,3.36
LBR,2002,3.5
NIC,2002,3.53
BHR,2002,2.34
AUS,2002,9.78
BFA,2002,5.46
DMA,2002,8.3
ZAF,2002,7.24
MUS,2002,7.3
VEN,2002,7.28
LVA,2002,7.46
THA,2002,7.54
CAN,2002,7.72
SYC,2002,7.97
GAB,2002,8.15
GRD,2002,8.15
GRC,2002,8.28
GUY,2002,5.64
POL,2002,8.27
USA,2002,8.33
SWZ,2002,8.52
NZL,2002,8.9
CYP,2002,8.97
KNA,2002,9.06
FIN,2002,9.17
ITA,2002,9.41
NLD,2002,9.67
GNQ,2002,7.24
BRB,2002,7.24
UKR,2002,7.09
JPN,2002,7.03
ARG,2002,5.72
COD,2002,5.75
KGZ,2002,5.71
BDI,2002,5.83
MLT,2002,5.85
NOR,2002,5.81
MDA,2002,5.75
KAZ,2002,5.9
URY,2002,6.05
BWA,2002,6.15
CHL,2002,6.17
NGA,2002,6.18
STP,2002,6.28
DOM,2002,6.39
ISL,2002,6.46
ATG,2002,6.6
SWE,2002,6.75
NIU,2002,6.95
BRA,2002,6.98
COG,2002,2.34
IND,2002,1.08
ZWE,2002,2.17
ETH,2002,0.56
SLB,2002,0.45
TLS,2002,0.42
AZE,2002,0.52
DJI,2002,0.45
JOR,2002,0.46
MYS,2002,0.52
MMR,2002,0.46
OMN,2002,0.48
ERI,2002,0.63
MLI,2002,0.58
MAR,2002,0.45
BTN,2002,0.73
KHM,2002,0.74
KIR,2002,0.73
MOZ,2002,0.74
MDG,2002,0.87
SYR,2002,0.9
TJK,2002,0.88
VNM,2002,0.9
QAT,2002,0.97
MNG,2002,2.09
TCD,2002,0.4
TGO,2002,1.0
SDN,2002,0.0
AFG,2002,0.006
BGD,2002,0.002
IRN,2002,0.004
KWT,2002,0.0
LBY,2002,0.007
MRT,2002,0.0
PAK,2002,0.017
SAU,2002,0.0
SOM,2002,0.0
EGY,2002,0.14
DZA,2002,0.31
IDN,2002,0.054
IRQ,2002,0.072
NPL,2002,0.14
NER,2002,0.096
YEM,2002,0.067
BRN,2002,0.24
COM,2002,0.19
GIN,2002,0.21
SLE,2002,0.17
RWA,2002,0.99
SEN,2002,0.37
BEN,2002,1.14
LUX,2002,13.03
ESP,2002,11.17
EST,2002,11.3
GBR,2002,11.31
DNK,2002,11.46
LCA,2002,11.65
DEU,2002,12.21
AUT,2002,12.27
ROU,2002,12.26
AND,2002,12.5
HRV,2002,13.09
SVN,2002,11.0
HUN,2002,13.23
UGA,2002,13.72
CZE,2002,13.76
FRA,2002,13.84
IRL,2002,13.92
FJI,2002,1.97
BOL,2002,2.12
GHA,2002,2.12
VUT,2002,1.1
BLR,2002,11.23
PRT,2002,12.45
CHE,2002,10.93
KEN,2002,1.68
BGR,2002,10.9
TON,2002,1.26
TUV,2002,1.38
MDV,2002,1.47
PNG,2002,1.49
MWI,2002,1.55
TUR,2002,1.57
ARE,2002,1.61
CAF,2002,1.7
TUN,2002,1.23
LBN,2002,1.75
KOR,2002,10.22
LKA,2002,1.73
RUS,2002,10.66
SVK,2002,10.46
LTU,2002,10.83
BEL,2002,10.18
BHS,2002,10.0
SGP,2002,1.89
CRI,2001,4.24
NAM,2001,3.71
ECU,2001,3.84
NRU,2001,3.8
MKD,2001,3.81
BIH,2001,3.86
CPV,2001,3.74
LAO,2001,3.92
AGO,2001,4.24
CMR,2001,4.2
PHL,2001,4.61
CUB,2001,4.21
PER,2001,4.17
SUR,2001,4.32
COL,2001,4.51
TTO,2001,4.59
BLZ,2001,4.77
PAN,2001,4.94
VCT,2001,4.86
KGZ,2001,4.99
HTI,2001,3.64
LBR,2001,3.57
GTM,2001,2.41
ALB,2001,3.62
UZB,2001,3.47
ISR,2001,2.42
BHR,2001,2.52
COK,2001,2.54
FSM,2001,2.62
TKM,2001,2.56
CHN,2001,2.67
HND,2001,2.68
LSO,2001,2.75
SLV,2001,2.76
ARM,2001,2.87
ZMB,2001,2.95
CIV,2001,3.0
PRK,2001,3.0
GMB,2001,3.1
JAM,2001,3.18
GNB,2001,3.26
WSM,2001,3.41
GEO,2001,3.55
NIC,2001,3.47
MDA,2001,5.02
NLD,2001,9.89
MEX,2001,5.07
USA,2001,8.26
JPN,2001,7.37
MUS,2001,7.38
ZAF,2001,7.41
CAN,2001,7.66
SYC,2001,7.65
VEN,2001,7.75
GRD,2001,7.98
POL,2001,8.05
GRC,2001,8.22
SWZ,2001,8.5
BRB,2001,7.24
DMA,2001,8.58
CYP,2001,8.7
GAB,2001,8.93
NZL,2001,8.87
FIN,2001,9.02
KNA,2001,8.96
ITA,2001,9.57
AUS,2001,9.85
COG,2001,2.26
THA,2001,7.2
UKR,2001,7.13
GUY,2001,5.19
BDI,2001,6.21
PRY,2001,5.32
COD,2001,5.61
MLT,2001,5.66
NOR,2001,5.68
STP,2001,5.75
TZA,2001,5.73
KAZ,2001,5.76
BWA,2001,6.03
CHL,2001,6.13
NGA,2001,6.21
LVA,2001,7.09
ARG,2001,6.27
ISL,2001,6.33
DOM,2001,6.49
SWE,2001,6.53
URY,2001,6.64
ATG,2001,6.72
GNQ,2001,6.84
NIU,2001,6.79
BRA,2001,7.13
ZWE,2001,2.26
BFA,2001,5.12
MNG,2001,2.25
MLI,2001,0.58
DJI,2001,0.44
MAR,2001,0.44
OMN,2001,0.44
TLS,2001,0.43
AZE,2001,0.51
JOR,2001,0.46
MYS,2001,0.52
SLB,2001,0.52
ETH,2001,0.59
KHM,2001,0.66
BEN,2001,1.11
ERI,2001,0.7
KIR,2001,0.76
MOZ,2001,0.76
QAT,2001,0.81
VNM,2001,0.83
SYR,2001,0.93
TJK,2001,0.89
IND,2001,1.0
MDG,2001,1.02
MMR,2001,0.33
TCD,2001,0.34
BRN,2001,0.34
DZA,2001,0.28
AFG,2001,0.002
BGD,2001,0.003
IRN,2001,0.003
KWT,2001,0.0
LBY,2001,0.007
MRT,2001,0.0
PAK,2001,0.018
SAU,2001,0.0
SOM,2001,0.0
SDN,2001,0.0
COM,2001,0.11
EGY,2001,0.14
IDN,2001,0.058
IRQ,2001,0.13
NPL,2001,0.11
NER,2001,0.095
YEM,2001,0.079
GIN,2001,0.2
SLE,2001,0.16
RWA,2001,0.99
SEN,2001,0.35
BTN,2001,1.08
AND,2001,12.68
GBR,2001,11.16
ROU,2001,11.41
SVN,2001,11.42
ESP,2001,11.36
DNK,2001,11.51
BLR,2001,11.81
AUT,2001,12.53
DEU,2001,12.54
PRT,2001,12.63
HUN,2001,12.9
CHE,2001,11.08
HRV,2001,13.19
LUX,2001,13.27
CZE,2001,13.77
FRA,2001,14.0
UGA,2001,14.03
IRL,2001,14.2
FJI,2001,2.0
BOL,2001,2.13
TGO,2001,1.06
LCA,2001,11.24
GHA,2001,2.13
SVK,2001,10.87
CAF,2001,1.73
VUT,2001,1.09
TON,2001,1.2
TUN,2001,1.24
TUV,2001,1.31
MDV,2001,1.55
MWI,2001,1.59
PNG,2001,1.55
TUR,2001,1.61
ARE,2001,1.6
SGP,2001,2.09
KEN,2001,1.68
LBN,2001,1.82
BEL,2001,10.2
RUS,2001,10.28
BHS,2001,10.42
EST,2001,10.43
LTU,2001,10.36
KOR,2001,10.45
BGR,2001,10.68
LKA,2001,1.66
MKD,2000,3.81
AGO,2000,4.24
LAO,2000,3.92
BIH,2000,3.86
CPV,2000,3.74
NRU,2000,3.8
ECU,2000,3.84
NAM,2000,3.71
CRI,2000,4.24
CMR,2000,4.2
COL,2000,4.51
CUB,2000,4.21
PER,2000,4.17
SUR,2000,4.32
HTI,2000,3.64
PHL,2000,4.61
TTO,2000,4.59
BLZ,2000,4.77
PAN,2000,4.94
VCT,2000,4.86
KGZ,2000,4.99
LBR,2000,3.57
WSM,2000,3.41
ALB,2000,3.62
UZB,2000,3.47
GTM,2000,2.41
ISR,2000,2.42
BHR,2000,2.52
COK,2000,2.54
FSM,2000,2.62
TKM,2000,2.56
CHN,2000,2.67
HND,2000,2.68
LSO,2000,2.75
SLV,2000,2.76
ARM,2000,2.87
MDA,2000,5.02
CIV,2000,3.0
PRK,2000,3.0
GMB,2000,3.1
JAM,2000,3.18
GNB,2000,3.26
GEO,2000,3.55
NIC,2000,3.47
ZMB,2000,2.95
AUS,2000,9.85
BFA,2000,5.12
GRC,2000,8.22
THA,2000,7.2
JPN,2000,7.37
MUS,2000,7.38
ZAF,2000,7.41
CAN,2000,7.66
SYC,2000,7.65
VEN,2000,7.75
GRD,2000,7.98
POL,2000,8.05
USA,2000,8.26
UKR,2000,7.13
SWZ,2000,8.5
DMA,2000,8.58
CYP,2000,8.7
GAB,2000,8.93
NZL,2000,8.87
FIN,2000,9.02
KNA,2000,8.96
ITA,2000,9.57
COG,2000,2.26
BRB,2000,7.24
LVA,2000,7.09
MEX,2000,5.07
CHL,2000,6.13
GUY,2000,5.19
PRY,2000,5.32
COD,2000,5.61
MLT,2000,5.66
NOR,2000,5.68
STP,2000,5.75
TZA,2000,5.73
KAZ,2000,5.76
BWA,2000,6.03
BDI,2000,6.21
BRA,2000,7.13
NGA,2000,6.21
ARG,2000,6.27
ISL,2000,6.33
DOM,2000,6.49
SWE,2000,6.53
URY,2000,6.64
ATG,2000,6.72
GNQ,2000,6.84
NIU,2000,6.79
ZWE,2000,2.26
TGO,2000,1.06
MNG,2000,2.25
ETH,2000,0.59
SEN,2000,0.35
DJI,2000,0.44
MAR,2000,0.44
OMN,2000,0.44
TLS,2000,0.43
AZE,2000,0.51
JOR,2000,0.46
MYS,2000,0.52
SLB,2000,0.52
MLI,2000,0.58
RWA,2000,0.99
KHM,2000,0.66
ERI,2000,0.7
KIR,2000,0.76
MOZ,2000,0.76
QAT,2000,0.81
VNM,2000,0.83
SYR,2000,0.93
TJK,2000,0.89
IND,2000,1.0
MMR,2000,0.33
TCD,2000,0.34
BRN,2000,0.34
DZA,2000,0.28
AFG,2000,0.002
BGD,2000,0.003
IRN,2000,0.003
KWT,2000,0.0
LBY,2000,0.007
MRT,2000,0.0
PAK,2000,0.018
SAU,2000,0.0
SOM,2000,0.0
SDN,2000,0.0
COM,2000,0.11
EGY,2000,0.14
IDN,2000,0.058
IRQ,2000,0.13
NPL,2000,0.11
NER,2000,0.095
YEM,2000,0.079
GIN,2000,0.2
SLE,2000,0.16
MDG,2000,1.02
BEN,2000,1.11
SGP,2000,2.09
AND,2000,12.68
GBR,2000,11.16
ROU,2000,11.41
SVN,2000,11.42
ESP,2000,11.36
DNK,2000,11.51
BLR,2000,11.81
AUT,2000,12.53
DEU,2000,12.54
PRT,2000,12.63
HUN,2000,12.9
BTN,2000,1.08
HRV,2000,13.19
LUX,2000,13.27
CZE,2000,13.77
FRA,2000,14.0
UGA,2000,14.03
IRL,2000,14.2
FJI,2000,2.0
BOL,2000,2.13
GHA,2000,2.13
LCA,2000,11.24
CHE,2000,11.08
SVK,2000,10.87
BGR,2000,10.68
VUT,2000,1.09
TON,2000,1.2
TUN,2000,1.24
TUV,2000,1.31
MDV,2000,1.55
MWI,2000,1.59
PNG,2000,1.55
TUR,2000,1.61
ARE,2000,1.6
CAF,2000,1.73
KEN,2000,1.68
LKA,2000,1.66
LBN,2000,1.82
BEL,2000,10.2
RUS,2000,10.28
BHS,2000,10.42
EST,2000,10.43
LTU,2000,10.36
KOR,2000,10.45
NLD,2000,9.89
