SpatialDimValueCode,Period,FactValueNumeric,Health_Expenditure
BRB,2019,0.31,6.0
ATG,2019,0.32,4.0
GRD,2019,0.64,5.0
VCT,2019,1.01,4.0
NER,2019,10.15,6.0
CUB,2019,10.19,11.0
CAN,2019,10.34,11.0
NZL,2019,10.3,9.0
UGA,2019,10.45,4.0
AUT,2019,10.4,10.0
GHA,2019,10.54,4.0
MWI,2019,10.58,7.0
SEN,2019,10.99,4.0
KEN,2019,11.01,4.0
HRV,2019,11.01,7.0
HTI,2019,11.17,4.0
ISL,2019,11.15,9.0
SLE,2019,11.25,9.0
AUS,2019,11.25,10.0
COG,2019,11.62,3.0
HUN,2019,11.77,6.0
DJI,2019,11.95,2.0
EST,2019,11.96,7.0
BDI,2019,12.12,9.0
JPN,2019,12.24,11.0
MDA,2019,12.17,6.0
GIN,2019,12.33,4.0
SWE,2019,12.37,11.0
GNB,2019,12.38,7.0
COD,2019,12.41,4.0
AGO,2019,12.55,2.0
BEN,2019,12.71,3.0
LKA,2019,12.89,4.0
IND,2019,12.91,3.0
GAB,2019,13.11,3.0
TCD,2019,13.22,5.0
FIN,2019,13.43,9.0
GNQ,2019,13.51,3.0
NAM,2019,13.51,8.0
BEL,2019,13.93,11.0
SVN,2019,13.97,8.0
BFA,2019,14.38,5.0
ZMB,2019,14.43,7.0
USA,2019,14.51,17.0
WSM,2019,14.6,6.0
SOM,2019,14.66,
TGO,2019,14.81,6.0
CPV,2019,15.23,5.0
CIV,2019,15.66,
CMR,2019,15.92,4.0
LVA,2019,16.06,7.0
MNE,2019,16.22,8.0
BLR,2019,16.49,6.0
ERI,2019,17.26,5.0
SLB,2019,17.37,4.0
UKR,2019,17.73,7.0
MNG,2019,18.02,4.0
KAZ,2019,18.05,3.0
URY,2019,18.83,9.0
JOR,2019,1.98,7.0
SYR,2019,2.11,
VEN,2019,2.1,2.0
STP,2019,2.2,5.0
JAM,2019,2.28,6.0
TUR,2019,2.34,4.0
BRN,2019,2.54,2.0
PHL,2019,2.54,4.0
HND,2019,2.58,7.0
DZA,2019,2.6,6.0
IDN,2019,2.55,3.0
PER,2019,2.73,5.0
ARM,2019,2.66,11.0
KWT,2019,2.66,5.0
LBN,2019,2.76,9.0
MDV,2019,2.76,8.0
PAN,2019,2.86,8.0
BWA,2019,20.22,6.0
LTU,2019,20.15,7.0
VUT,2019,20.96,3.0
KOR,2019,21.16,8.0
RUS,2019,21.6,6.0
CAF,2019,22.96,8.0
MOZ,2019,23.19,8.0
ZAF,2019,23.49,8.0
ZWE,2019,23.63,3.0
SUR,2019,25.89,9.0
FSM,2019,28.99,11.0
MMR,2019,2.96,5.0
TUN,2019,3.18,6.0
CYP,2019,3.18,7.0
EGY,2019,3.41,5.0
BHS,2019,3.37,6.0
PNG,2019,3.57,2.0
GRC,2019,3.62,8.0
ALB,2019,3.72,7.0
COL,2019,3.74,8.0
BGD,2019,3.85,2.0
KIR,2019,30.56,13.0
AZE,2019,3.97,4.0
ITA,2019,4.33,9.0
TON,2019,4.37,5.0
TLS,2019,4.53,6.0
LBY,2019,4.49,
OMN,2019,4.47,4.0
IRQ,2019,4.74,4.0
QAT,2019,4.66,3.0
NIC,2019,4.66,9.0
SDN,2019,4.76,5.0
SWZ,2019,40.46,7.0
GUY,2019,40.85,5.0
BTN,2019,5.07,4.0
DOM,2019,5.11,4.0
IRN,2019,5.13,6.0
ARE,2019,5.24,4.0
ISR,2019,5.15,7.0
TJK,2019,5.32,7.0
MLT,2019,5.32,9.0
ESP,2019,5.28,9.0
MEX,2019,5.29,5.0
SAU,2019,5.43,5.0
MRT,2019,5.47,3.0
KHM,2019,5.49,7.0
MYS,2019,5.77,4.0
LAO,2019,5.98,3.0
AFG,2019,5.96,15.0
SLV,2019,6.11,9.0
TKM,2019,6.07,6.0
PRY,2019,6.16,7.0
GTM,2019,6.23,6.0
BRA,2019,6.41,10.0
BGR,2019,6.5,7.0
SSD,2019,6.69,9.0
CHN,2019,6.67,5.0
BOL,2019,6.82,7.0
NGA,2019,6.87,3.0
LCA,2019,6.85,4.0
GBR,2019,6.88,10.0
YEM,2019,7.06,
VNM,2019,7.22,5.0
BHR,2019,7.2,4.0
MKD,2019,7.15,7.0
PRT,2019,7.22,10.0
MAR,2019,7.29,5.0
ROU,2019,7.33,6.0
LBR,2019,7.37,8.0
CRI,2019,7.62,7.0
DNK,2019,7.63,10.0
ECU,2019,7.68,8.0
SYC,2019,7.73,5.0
GEO,2019,7.65,7.0
BLZ,2019,7.65,5.0
SRB,2019,7.86,9.0
MLI,2019,7.96,4.0
THA,2019,7.95,4.0
CHL,2019,8.04,9.0
ARG,2019,8.14,10.0
PRK,2019,8.2,
TZA,2019,8.15,4.0
BIH,2019,8.25,9.0
TTO,2019,8.28,7.0
UZB,2019,8.28,5.0
KGZ,2019,8.28,4.0
DEU,2019,8.27,12.0
COM,2019,8.46,5.0
LUX,2019,8.62,5.0
MUS,2019,8.75,6.0
IRL,2019,8.9,7.0
LSO,2019,87.48,12.0
MDG,2019,9.18,3.0
SVK,2019,9.31,7.0
POL,2019,9.3,6.0
NLD,2019,9.27,10.0
RWA,2019,9.45,6.0
FJI,2019,9.51,4.0
ETH,2019,9.45,3.0
CZE,2019,9.48,8.0
GMB,2019,9.64,3.0
SGP,2019,9.65,4.0
FRA,2019,9.65,11.0
PAK,2019,9.77,3.0
NPL,2019,9.77,4.0
CHE,2019,9.83,11.0
NOR,2019,9.91,10.0
BRB,2018,0.31,6.0
ATG,2018,0.32,5.0
GRD,2018,0.35,5.0
VCT,2018,1.03,4.0
ARM,2018,1.65,10.0
JOR,2018,1.94,7.0
FRA,2018,10.05,11.0
NER,2018,10.13,5.0
ISL,2018,10.12,8.0
NOR,2018,10.13,10.0
CUB,2018,10.17,11.0
UGA,2018,10.25,4.0
POL,2018,10.4,6.0
CAN,2018,10.5,11.0
NZL,2018,10.66,9.0
GHA,2018,10.79,4.0
CZE,2018,10.83,7.0
MWI,2018,11.04,7.0
KEN,2018,11.03,4.0
HRV,2018,11.1,7.0
SLE,2018,11.2,8.0
SEN,2018,11.16,4.0
AUT,2018,11.19,10.0
AUS,2018,11.26,10.0
HTI,2018,11.37,4.0
COG,2018,11.63,2.0
EST,2018,11.56,7.0
MDA,2018,11.88,7.0
DJI,2018,12.17,2.0
GIN,2018,12.24,4.0
BDI,2018,12.31,7.0
COD,2018,12.39,3.0
AGO,2018,12.35,3.0
HUN,2018,12.58,7.0
SWE,2018,12.69,11.0
SVN,2018,12.79,8.0
GNB,2018,12.9,7.0
IND,2018,12.88,3.0
BEN,2018,12.97,3.0
LKA,2018,13.24,4.0
JPN,2018,13.37,11.0
GAB,2018,13.56,3.0
TCD,2018,13.57,5.0
NAM,2018,13.74,8.0
USA,2018,14.09,17.0
GNQ,2018,14.06,3.0
LVA,2018,14.29,6.0
BEL,2018,14.32,11.0
FIN,2018,14.41,9.0
BFA,2018,14.68,5.0
SOM,2018,14.81,
WSM,2018,14.8,5.0
TGO,2018,14.88,6.0
CMR,2018,15.93,4.0
CIV,2018,15.93,
ZMB,2018,15.9,5.0
CPV,2018,15.96,5.0
MNE,2018,16.45,8.0
SLB,2018,17.74,4.0
ERI,2018,17.84,4.0
BLR,2018,17.94,6.0
UKR,2018,17.99,8.0
MNG,2018,18.67,5.0
URY,2018,18.85,9.0
KAZ,2018,19.41,3.0
SYR,2018,2.1,
STP,2018,2.17,6.0
JAM,2018,2.21,6.0
VEN,2018,2.21,2.0
TUR,2018,2.25,4.0
LBN,2018,2.53,8.0
DZA,2018,2.58,6.0
HND,2018,2.6,7.0
IDN,2018,2.56,3.0
KWT,2018,2.56,5.0
PHL,2018,2.58,4.0
PER,2018,2.74,5.0
MDV,2018,2.92,7.0
PAN,2018,2.92,8.0
VUT,2018,21.09,3.0
LTU,2018,21.08,7.0
KOR,2018,21.27,7.0
BWA,2018,22.06,6.0
MOZ,2018,23.19,8.0
RUS,2018,23.4,5.0
CAF,2018,23.65,11.0
ZWE,2018,23.87,5.0
ZAF,2018,24.39,8.0
SUR,2018,26.23,7.0
FSM,2018,29.07,12.0
MMR,2018,2.96,5.0
BRN,2018,3.04,2.0
TUN,2018,3.09,6.0
EGY,2018,3.37,5.0
BHS,2018,3.4,6.0
PNG,2018,3.51,2.0
CYP,2018,3.64,7.0
GRC,2018,3.65,8.0
BGD,2018,3.75,2.0
ALB,2018,3.94,7.0
AZE,2018,3.92,4.0
COL,2018,3.87,8.0
KIR,2018,30.27,13.0
OMN,2018,4.37,3.0
ITA,2018,4.42,9.0
TLS,2018,4.46,6.0
TON,2018,4.57,5.0
QAT,2018,4.61,3.0
SDN,2018,4.81,4.0
IRQ,2018,4.88,4.0
SWZ,2018,40.13,7.0
GUY,2018,40.41,5.0
ARE,2018,5.01,4.0
NIC,2018,5.04,8.0
BTN,2018,5.11,3.0
TJK,2018,5.29,7.0
MLT,2018,5.28,9.0
ISR,2018,5.26,7.0
MRT,2018,5.42,3.0
ESP,2018,5.38,9.0
MEX,2018,5.36,5.0
DOM,2018,5.49,4.0
IRN,2018,5.49,8.0
KHM,2018,5.59,6.0
SAU,2018,5.57,5.0
MYS,2018,5.58,4.0
LBY,2018,5.7,
AFG,2018,5.91,14.0
PRY,2018,6.1,7.0
SLV,2018,6.07,8.0
TKM,2018,6.09,6.0
LAO,2018,6.18,2.0
GTM,2018,6.31,6.0
BRA,2018,6.51,9.0
BGR,2018,6.6,7.0
SSD,2018,6.65,10.0
CRI,2018,6.79,7.0
CHN,2018,6.81,5.0
BOL,2018,6.97,7.0
NGA,2018,6.95,3.0
BHR,2018,7.04,4.0
YEM,2018,7.09,
LCA,2018,7.06,4.0
GBR,2018,7.08,10.0
MKD,2018,7.22,6.0
BLZ,2018,7.16,5.0
MAR,2018,7.3,5.0
LBR,2018,7.42,10.0
VNM,2018,7.37,5.0
PRT,2018,7.5,9.0
ROU,2018,7.71,6.0
SGP,2018,7.76,4.0
THA,2018,7.9,4.0
SYC,2018,7.87,5.0
GEO,2018,7.85,7.0
SRB,2018,7.86,9.0
MLI,2018,7.98,4.0
TZA,2018,8.04,4.0
LUX,2018,8.03,5.0
CHL,2018,7.96,9.0
ECU,2018,8.12,8.0
PRK,2018,8.19,
BIH,2018,8.18,9.0
MUS,2018,8.19,6.0
DNK,2018,8.18,10.0
COM,2018,8.48,5.0
TTO,2018,8.5,7.0
DEU,2018,8.46,11.0
UZB,2018,8.73,5.0
KGZ,2018,8.92,5.0
ARG,2018,8.99,10.0
NLD,2018,9.09,10.0
MDG,2018,9.24,4.0
IRL,2018,9.17,6.0
SVK,2018,9.43,7.0
RWA,2018,9.52,7.0
ETH,2018,9.54,3.0
GMB,2018,9.62,3.0
NPL,2018,9.69,5.0
FJI,2018,9.72,4.0
PAK,2018,9.79,3.0
CHE,2018,9.88,11.0
LSO,2018,93.07,11.0
ATG,2017,0.0,5.0
VCT,2017,0.0,4.0
BRB,2017,0.32,7.0
SRB,2017,0.33,8.0
GRD,2017,0.67,5.0
JOR,2017,1.87,7.0
PAK,2017,9.98,3.0
NER,2017,10.15,6.0
UGA,2017,10.34,4.0
CHE,2017,10.37,11.0
FRA,2017,10.4,11.0
NOR,2017,10.38,10.0
CUB,2017,10.53,11.0
KEN,2017,10.6,4.0
AUT,2017,10.77,10.0
SLE,2017,10.94,9.0
HRV,2017,10.87,7.0
POL,2017,11.06,7.0
CZE,2017,11.2,7.0
GHA,2017,11.31,4.0
HTI,2017,11.45,4.0
SEN,2017,11.37,4.0
MWI,2017,11.67,8.0
ISL,2017,11.66,8.0
CAN,2017,11.68,11.0
AUS,2017,11.79,10.0
COG,2017,11.89,3.0
COD,2017,12.04,4.0
NZL,2017,12.14,9.0
DJI,2017,12.32,2.0
MDA,2017,12.44,7.0
AGO,2017,12.36,3.0
SWE,2017,12.5,11.0
GIN,2017,12.47,4.0
BDI,2017,12.46,7.0
IND,2017,12.48,3.0
HUN,2017,12.62,7.0
GNB,2017,13.09,7.0
BEN,2017,13.11,3.0
GNQ,2017,13.16,3.0
JPN,2017,13.51,11.0
LKA,2017,13.67,3.0
TCD,2017,13.77,5.0
GAB,2017,13.85,3.0
SVN,2017,14.29,8.0
FIN,2017,14.4,9.0
USA,2017,14.41,17.0
BEL,2017,14.59,11.0
WSM,2017,14.75,5.0
BFA,2017,14.85,6.0
SOM,2017,14.87,
EST,2017,15.17,7.0
NAM,2017,15.22,9.0
TGO,2017,15.4,6.0
CMR,2017,16.15,3.0
CPV,2017,16.16,5.0
MNE,2017,16.27,8.0
CIV,2017,16.37,
ZMB,2017,16.67,5.0
UKR,2017,16.94,7.0
LVA,2017,17.14,6.0
SLB,2017,17.81,4.0
ERI,2017,18.0,4.0
BLR,2017,18.46,6.0
URY,2017,18.54,9.0
MNG,2017,19.11,4.0
KOR,2017,19.31,7.0
SYR,2017,1.98,
STP,2017,2.19,6.0
JAM,2017,2.19,6.0
VEN,2017,2.24,
TUR,2017,2.26,4.0
ARM,2017,2.43,10.0
DZA,2017,2.54,7.0
KWT,2017,2.5,5.0
IDN,2017,2.58,3.0
PHL,2017,2.63,4.0
HND,2017,2.71,7.0
PER,2017,2.74,5.0
VUT,2017,21.09,3.0
KAZ,2017,21.19,3.0
BWA,2017,22.32,7.0
MOZ,2017,23.09,8.0
LTU,2017,23.49,6.0
RUS,2017,24.41,5.0
SUR,2017,25.37,5.0
CAF,2017,25.73,7.0
ZAF,2017,25.84,8.0
ZWE,2017,25.85,6.0
FSM,2017,28.68,12.0
TUN,2017,3.01,6.0
LBN,2017,2.99,8.0
MMR,2017,3.1,5.0
MDV,2017,3.11,9.0
PAN,2017,3.21,7.0
CYP,2017,3.28,7.0
BRN,2017,3.25,2.0
BHS,2017,3.28,7.0
EGY,2017,3.39,5.0
PNG,2017,3.5,2.0
BGD,2017,3.68,2.0
GRC,2017,3.79,8.0
AZE,2017,3.91,4.0
KIR,2017,31.51,11.0
GUY,2017,39.86,4.0
ALB,2017,4.11,7.0
TLS,2017,4.4,7.0
OMN,2017,4.53,4.0
COL,2017,4.5,8.0
QAT,2017,4.61,3.0
NIC,2017,4.73,8.0
SDN,2017,4.8,6.0
ARE,2017,4.78,4.0
TON,2017,4.78,5.0
MLT,2017,4.83,9.0
ITA,2017,4.84,9.0
SWZ,2017,42.91,7.0
ISR,2017,4.96,7.0
BTN,2017,5.14,3.0
IRQ,2017,5.17,4.0
TJK,2017,5.29,7.0
MRT,2017,5.38,3.0
LBY,2017,5.48,
KHM,2017,5.64,6.0
MYS,2017,5.57,4.0
SAU,2017,5.74,6.0
CRI,2017,5.79,7.0
IRN,2017,5.8,8.0
ESP,2017,5.77,9.0
MEX,2017,5.89,5.0
AFG,2017,5.95,13.0
DOM,2017,6.02,4.0
GTM,2017,6.01,6.0
PRY,2017,6.13,7.0
LAO,2017,6.2,3.0
SLV,2017,6.16,8.0
TKM,2017,6.23,6.0
BRA,2017,6.19,9.0
SSD,2017,6.41,16.0
BHR,2017,6.73,5.0
BGR,2017,6.65,7.0
YEM,2017,6.86,
CHN,2017,6.89,5.0
NGA,2017,7.06,4.0
LCA,2017,7.06,4.0
BOL,2017,7.17,6.0
MKD,2017,7.23,6.0
GBR,2017,7.24,10.0
MAR,2017,7.27,5.0
SGP,2017,7.25,4.0
VNM,2017,7.5,5.0
THA,2017,7.49,4.0
LUX,2017,7.53,5.0
LBR,2017,7.56,10.0
BLZ,2017,7.71,5.0
ROU,2017,7.83,5.0
SYC,2017,7.93,5.0
PRT,2017,7.86,9.0
MLI,2017,8.04,4.0
BIH,2017,8.07,9.0
GEO,2017,8.07,7.0
TZA,2017,8.15,4.0
DNK,2017,8.28,10.0
DEU,2017,8.34,11.0
CHL,2017,8.39,9.0
COM,2017,8.58,5.0
PRK,2017,8.65,
ARG,2017,8.69,10.0
UZB,2017,8.92,5.0
TTO,2017,8.96,7.0
KGZ,2017,9.23,6.0
ECU,2017,9.26,8.0
MDG,2017,9.33,5.0
IRL,2017,9.33,7.0
NPL,2017,9.63,5.0
RWA,2017,9.62,6.0
SVK,2017,9.55,7.0
ETH,2017,9.63,3.0
MUS,2017,9.59,6.0
NLD,2017,9.61,10.0
GMB,2017,9.83,3.0
FJI,2017,9.91,3.0
LSO,2017,96.29,11.0
BRB,2016,0.33,7.0
ATG,2016,0.49,5.0
VCT,2016,0.67,4.0
GRD,2016,0.91,4.0
SYR,2016,1.83,
JOR,2016,1.86,7.0
PAK,2016,10.02,3.0
FJI,2016,10.03,3.0
NER,2016,10.22,5.0
CZE,2016,10.34,7.0
CAN,2016,10.37,11.0
KEN,2016,10.45,5.0
SRB,2016,10.58,8.0
FRA,2016,10.7,11.0
SLE,2016,10.83,16.0
AUS,2016,10.92,10.0
LSO,2016,107.1,9.0
NOR,2016,11.08,11.0
UGA,2016,11.06,5.0
AUT,2016,11.13,10.0
POL,2016,11.37,7.0
SEN,2016,11.53,4.0
HRV,2016,11.48,7.0
NZL,2016,11.52,9.0
HTI,2016,11.64,5.0
GHA,2016,11.74,3.0
DJI,2016,12.08,3.0
COD,2016,12.09,4.0
SWE,2016,12.15,11.0
MWI,2016,12.25,8.0
COG,2016,12.29,3.0
ISL,2016,12.26,8.0
EST,2016,12.49,7.0
BDI,2016,12.61,7.0
IND,2016,12.6,4.0
GIN,2016,12.79,5.0
AGO,2016,12.87,3.0
GNB,2016,13.15,8.0
FIN,2016,13.26,9.0
HUN,2016,13.34,7.0
BEN,2016,13.27,3.0
MDA,2016,13.42,8.0
USA,2016,13.65,17.0
JPN,2016,13.75,11.0
TCD,2016,13.68,5.0
LKA,2016,14.17,4.0
SVN,2016,14.29,8.0
GAB,2016,14.55,3.0
SOM,2016,14.83,
NAM,2016,14.92,9.0
BEL,2016,15.02,11.0
GNQ,2016,14.97,3.0
WSM,2016,15.03,6.0
BFA,2016,15.16,6.0
TGO,2016,15.97,7.0
MNE,2016,16.08,9.0
CPV,2016,16.53,5.0
CMR,2016,16.62,4.0
ZMB,2016,16.71,4.0
CIV,2016,17.0,
LVA,2016,17.15,6.0
UKR,2016,17.56,8.0
SLB,2016,17.83,4.0
ERI,2016,18.3,4.0
URY,2016,18.7,9.0
BLR,2016,19.4,6.0
MNG,2016,19.82,5.0
STP,2016,2.16,6.0
JAM,2016,2.18,6.0
VEN,2016,2.29,
TUR,2016,2.26,4.0
BRN,2016,2.38,3.0
KWT,2016,2.45,5.0
DZA,2016,2.61,7.0
IDN,2016,2.58,3.0
HND,2016,2.66,8.0
PER,2016,2.66,5.0
PHL,2016,2.67,4.0
LBN,2016,2.78,8.0
KOR,2016,20.49,7.0
VUT,2016,21.0,3.0
KAZ,2016,22.01,3.0
BWA,2016,22.9,6.0
MOZ,2016,23.4,7.0
CAF,2016,25.25,5.0
ZAF,2016,25.31,8.0
SUR,2016,25.47,6.0
LTU,2016,26.21,7.0
RUS,2016,26.89,5.0
FSM,2016,28.18,13.0
ZWE,2016,28.7,7.0
TUN,2016,2.98,6.0
MDV,2016,3.15,10.0
MMR,2016,3.33,5.0
PAN,2016,3.35,7.0
GRC,2016,3.42,8.0
BHS,2016,3.49,6.0
EGY,2016,3.63,5.0
PNG,2016,3.64,2.0
BGD,2016,3.6,2.0
AZE,2016,3.92,4.0
KIR,2016,31.38,10.0
GUY,2016,39.65,4.0
COL,2016,4.11,8.0
ALB,2016,4.17,7.0
CYP,2016,4.15,7.0
ARM,2016,4.43,10.0
ITA,2016,4.35,9.0
TLS,2016,4.45,7.0
OMN,2016,4.52,4.0
NIC,2016,4.59,8.0
SDN,2016,4.84,6.0
TON,2016,4.77,5.0
QAT,2016,4.83,4.0
SWZ,2016,46.24,7.0
ARE,2016,4.97,4.0
LBY,2016,4.95,
ISR,2016,5.03,7.0
BTN,2016,5.05,4.0
MLT,2016,5.12,9.0
IRQ,2016,5.33,5.0
MRT,2016,5.36,3.0
TJK,2016,5.38,7.0
MYS,2016,5.37,4.0
ESP,2016,5.54,9.0
PRY,2016,5.64,7.0
MEX,2016,5.57,6.0
BRA,2016,5.67,9.0
KHM,2016,5.75,6.0
SLV,2016,5.77,9.0
SAU,2016,5.9,6.0
IRN,2016,5.92,8.0
AFG,2016,6.01,12.0
LAO,2016,6.18,2.0
GTM,2016,6.21,6.0
SSD,2016,6.48,
BHR,2016,6.48,5.0
TKM,2016,6.59,6.0
BGR,2016,6.57,7.0
LCA,2016,6.65,4.0
BLZ,2016,6.67,5.0
DOM,2016,6.77,5.0
YEM,2016,6.98,
CHN,2016,6.99,5.0
NGA,2016,7.22,4.0
MKD,2016,7.27,6.0
CRI,2016,7.29,7.0
SGP,2016,7.3,4.0
MAR,2016,7.41,5.0
BOL,2016,7.43,7.0
PRT,2016,7.38,9.0
LBR,2016,7.62,10.0
VNM,2016,7.58,5.0
SYC,2016,7.64,5.0
THA,2016,7.59,4.0
LUX,2016,7.55,5.0
MUS,2016,7.58,6.0
GBR,2016,7.62,10.0
ROU,2016,7.76,5.0
BIH,2016,8.13,9.0
ARG,2016,8.06,10.0
DNK,2016,8.24,10.0
MLI,2016,8.29,4.0
TZA,2016,8.32,4.0
COM,2016,8.72,5.0
DEU,2016,8.82,11.0
GEO,2016,9.03,8.0
ECU,2016,9.06,7.0
PRK,2016,9.24,
TTO,2016,9.23,7.0
UZB,2016,9.21,5.0
CHL,2016,9.18,9.0
NLD,2016,9.33,10.0
IRL,2016,9.37,7.0
MDG,2016,9.47,5.0
KGZ,2016,9.58,6.0
NPL,2016,9.68,5.0
RWA,2016,9.73,7.0
SVK,2016,9.66,7.0
CUB,2016,9.73,12.0
ETH,2016,9.78,4.0
CHE,2016,9.76,11.0
GMB,2016,9.94,3.0
BRB,2015,0.31,7.0
ATG,2015,0.42,5.0
GRD,2015,0.62,5.0
BRN,2015,1.63,2.0
JOR,2015,1.85,7.0
PAK,2015,9.96,2.0
FJI,2015,10.01,3.0
ETH,2015,9.98,4.0
GMB,2015,10.29,3.0
NER,2015,10.39,5.0
CUB,2015,10.36,13.0
SLE,2015,10.53,20.0
CHE,2015,10.5,11.0
CZE,2015,10.49,7.0
KEN,2015,10.64,5.0
NOR,2015,10.59,10.0
KGZ,2015,10.87,7.0
UGA,2015,11.04,5.0
NZL,2015,11.13,9.0
CAN,2015,11.16,11.0
AUT,2015,11.39,10.0
FRA,2015,11.48,11.0
SRB,2015,11.69,9.0
AUS,2015,11.81,10.0
SEN,2015,11.81,4.0
DJI,2015,11.89,3.0
LSO,2015,114.5,9.0
HTI,2015,11.97,5.0
GHA,2015,12.02,5.0
FIN,2015,12.15,10.0
HRV,2015,12.15,7.0
COD,2015,12.27,4.0
COG,2015,12.46,2.0
MWI,2015,12.59,7.0
BDI,2015,12.75,6.0
USA,2015,12.86,16.0
IND,2015,12.92,4.0
SWE,2015,13.02,11.0
GIN,2015,12.99,6.0
GNB,2015,13.08,8.0
ISL,2015,13.17,8.0
POL,2015,13.15,6.0
AGO,2015,13.27,3.0
EST,2015,13.36,7.0
BEN,2015,13.38,3.0
MDA,2015,13.68,9.0
TCD,2015,13.97,5.0
BEL,2015,14.41,11.0
HUN,2015,14.6,7.0
LKA,2015,14.7,4.0
SVN,2015,14.75,8.0
JPN,2015,14.89,11.0
WSM,2015,14.94,6.0
SOM,2015,15.03,
GAB,2015,15.17,3.0
GNQ,2015,15.33,2.0
BFA,2015,15.44,5.0
MNE,2015,16.35,9.0
NAM,2015,16.29,10.0
CPV,2015,16.73,5.0
URY,2015,16.66,8.0
TGO,2015,16.69,5.0
CMR,2015,17.09,4.0
LVA,2015,17.14,6.0
ZMB,2015,17.26,4.0
CIV,2015,17.71,
UKR,2015,17.87,8.0
SLB,2015,17.94,4.0
ERI,2015,18.69,4.0
BLR,2015,19.55,6.0
MNG,2015,19.68,4.0
SYR,2015,1.95,
STP,2015,2.18,5.0
JAM,2015,2.17,6.0
TUR,2015,2.26,4.0
VEN,2015,2.37,
KWT,2015,2.4,4.0
IDN,2015,2.57,3.0
DZA,2015,2.72,7.0
PHL,2015,2.71,4.0
PER,2015,2.77,5.0
LBN,2015,2.87,7.0
VUT,2015,21.18,4.0
KOR,2015,21.2,7.0
KAZ,2015,23.42,3.0
MOZ,2015,23.97,7.0
BWA,2015,24.55,6.0
ZAF,2015,25.55,8.0
SUR,2015,25.91,6.0
CAF,2015,26.31,5.0
RUS,2015,27.87,5.0
FSM,2015,28.37,12.0
LTU,2015,28.93,6.0
TUN,2015,3.03,6.0
MDV,2015,2.95,9.0
PAN,2015,2.95,7.0
MMR,2015,3.34,5.0
VCT,2015,3.31,4.0
BHS,2015,3.42,5.0
BGD,2015,3.64,2.0
EGY,2015,3.72,5.0
PNG,2015,3.65,2.0
GRC,2015,3.78,8.0
ZWE,2015,30.74,7.0
KIR,2015,31.59,8.0
GUY,2015,39.3,4.0
AZE,2015,3.99,4.0
COL,2015,4.04,8.0
ALB,2015,4.23,6.0
CYP,2015,4.17,7.0
TLS,2015,4.38,8.0
NIC,2015,4.47,8.0
ISR,2015,4.45,7.0
HND,2015,4.57,7.0
OMN,2015,4.7,4.0
ARM,2015,4.7,10.0
ITA,2015,4.83,9.0
SDN,2015,4.89,6.0
QAT,2015,4.85,4.0
SWZ,2015,49.19,7.0
BTN,2015,5.16,4.0
TJK,2015,5.19,7.0
MYS,2015,5.22,4.0
MRT,2015,5.33,4.0
ARE,2015,5.25,3.0
TON,2015,5.3,4.0
IRQ,2015,5.4,3.0
LBY,2015,5.48,
ESP,2015,5.64,9.0
BRA,2015,5.6,9.0
MEX,2015,5.6,6.0
KHM,2015,5.75,6.0
PRY,2015,5.85,7.0
AFG,2015,5.99,10.0
SAU,2015,5.95,6.0
IRN,2015,5.96,8.0
LAO,2015,6.2,2.0
BHR,2015,6.32,5.0
SSD,2015,6.41,
GTM,2015,6.4,6.0
CRI,2015,6.41,8.0
MLT,2015,6.55,9.0
TKM,2015,6.62,5.0
YEM,2015,6.8,4.0
DOM,2015,6.84,5.0
SLV,2015,6.78,9.0
BGR,2015,6.77,7.0
BLZ,2015,6.87,5.0
CHN,2015,7.08,5.0
BOL,2015,7.2,7.0
THA,2015,7.15,4.0
NGA,2015,7.31,4.0
MKD,2015,7.28,6.0
MUS,2015,7.51,6.0
MAR,2015,7.63,5.0
VNM,2015,7.61,5.0
SGP,2015,7.56,4.0
LBR,2015,7.71,10.0
SYC,2015,7.65,4.0
GBR,2015,7.81,10.0
LCA,2015,7.89,5.0
DNK,2015,8.07,10.0
ARG,2015,8.1,10.0
TZA,2015,8.23,4.0
BIH,2015,8.33,9.0
PRT,2015,8.31,9.0
MLI,2015,8.46,4.0
IRL,2015,8.71,7.0
COM,2015,8.8,5.0
GEO,2015,8.79,7.0
ECU,2015,8.88,8.0
DEU,2015,9.0,11.0
ROU,2015,9.06,5.0
UZB,2015,9.2,5.0
CHL,2015,9.17,8.0
NLD,2015,9.31,10.0
PRK,2015,9.47,
MDG,2015,9.53,5.0
TTO,2015,9.54,6.0
LUX,2015,9.57,5.0
NPL,2015,9.83,5.0
SVK,2015,9.8,7.0
RWA,2015,9.89,7.0
BRB,2014,0.32,7.0
ATG,2014,0.44,6.0
GRD,2014,0.45,5.0
VCT,2014,1.37,4.0
BRN,2014,1.7,2.0
JOR,2014,1.86,7.0
PAK,2014,9.96,2.0
SVK,2014,10.02,7.0
ETH,2014,10.02,4.0
CHE,2014,10.01,10.0
RWA,2014,10.07,7.0
LUX,2014,10.06,5.0
NOR,2014,10.06,9.0
CUB,2014,10.23,12.0
FJI,2014,10.27,3.0
IRL,2014,10.5,10.0
GMB,2014,10.58,3.0
NZL,2014,10.59,9.0
NER,2014,10.65,4.0
CAN,2014,10.86,10.0
SLE,2014,10.95,20.0
KEN,2014,11.08,5.0
AUS,2014,11.31,10.0
UGA,2014,11.4,5.0
FRA,2014,11.45,12.0
KGZ,2014,11.48,7.0
CZE,2014,11.7,8.0
LSO,2014,116.2,10.0
AUT,2014,12.04,10.0
HTI,2014,12.0,5.0
SEN,2014,11.97,4.0
SRB,2014,12.02,9.0
DJI,2014,12.19,3.0
SWE,2014,12.28,11.0
HRV,2014,12.4,7.0
USA,2014,12.4,16.0
GHA,2014,12.4,4.0
COD,2014,12.57,4.0
LKA,2014,12.72,3.0
MWI,2014,12.77,7.0
GIN,2014,12.97,5.0
BDI,2014,13.14,7.0
AGO,2014,13.14,2.0
IND,2014,13.49,4.0
COG,2014,13.53,2.0
BEN,2014,13.65,3.0
FIN,2014,13.65,10.0
GNB,2014,14.13,10.0
GNQ,2014,14.22,2.0
ISL,2014,14.37,8.0
SVN,2014,14.36,9.0
MDA,2014,14.47,9.0
POL,2014,14.5,6.0
TCD,2014,14.6,4.0
WSM,2014,14.92,6.0
HUN,2014,14.96,7.0
BEL,2014,15.13,11.0
SOM,2014,15.16,
NAM,2014,15.32,8.0
GAB,2014,15.39,3.0
BFA,2014,15.66,5.0
URY,2014,15.77,8.0
JPN,2014,15.78,11.0
EST,2014,16.16,6.0
MNE,2014,16.35,8.0
CPV,2014,16.91,5.0
LVA,2014,17.18,5.0
TGO,2014,17.41,5.0
ZMB,2014,17.74,4.0
CMR,2014,17.94,4.0
SLB,2014,18.1,5.0
CIV,2014,18.55,
ERI,2014,18.87,4.0
MNG,2014,19.6,4.0
SYR,2014,2.06,
STP,2014,2.24,7.0
JAM,2014,2.18,5.0
VEN,2014,2.26,
TUR,2014,2.3,4.0
KWT,2014,2.38,3.0
IDN,2014,2.62,3.0
PHL,2014,2.69,4.0
DZA,2014,2.78,7.0
LBN,2014,2.84,8.0
MDV,2014,2.88,8.0
UKR,2014,20.39,7.0
VUT,2014,21.14,4.0
BLR,2014,21.59,5.0
KOR,2014,22.42,6.0
KAZ,2014,24.23,3.0
MOZ,2014,24.68,6.0
BWA,2014,25.35,6.0
ZAF,2014,25.28,8.0
SUR,2014,25.94,5.0
FSM,2014,27.41,12.0
CAF,2014,27.59,5.0
LTU,2014,29.44,6.0
RUS,2014,29.37,5.0
PER,2014,2.98,5.0
TUN,2014,3.1,6.0
BHS,2014,3.28,6.0
MMR,2014,3.41,4.0
PNG,2014,3.62,3.0
EGY,2014,3.69,5.0
BGD,2014,3.73,2.0
COL,2014,3.69,7.0
ZWE,2014,30.83,8.0
KIR,2014,31.62,10.0
GUY,2014,39.52,4.0
GRC,2014,4.04,8.0
HND,2014,4.07,8.0
AZE,2014,4.1,4.0
TLS,2014,4.24,8.0
PAN,2014,4.15,7.0
ALB,2014,4.52,6.0
ARM,2014,4.63,10.0
OMN,2014,4.68,3.0
CYP,2014,4.77,7.0
SDN,2014,4.99,6.0
QAT,2014,5.02,2.0
NIC,2014,4.95,8.0
ISR,2014,5.03,7.0
ITA,2014,5.03,9.0
TJK,2014,5.11,7.0
MYS,2014,5.1,4.0
BTN,2014,5.19,4.0
MRT,2014,5.4,3.0
TON,2014,5.35,5.0
CRI,2014,5.35,8.0
BRA,2014,5.4,8.0
IRQ,2014,5.49,3.0
ARE,2014,5.6,4.0
MEX,2014,5.72,6.0
KHM,2014,5.8,7.0
SWZ,2014,54.63,7.0
AFG,2014,6.02,10.0
PRY,2014,5.95,7.0
SLV,2014,5.96,9.0
LBY,2014,6.06,
IRN,2014,6.06,6.0
LAO,2014,6.17,2.0
SSD,2014,6.22,
ESP,2014,6.21,9.0
SAU,2014,6.3,5.0
MLT,2014,6.33,9.0
BHR,2014,6.37,4.0
GTM,2014,6.41,6.0
DOM,2014,6.59,5.0
THA,2014,6.87,4.0
BLZ,2014,6.89,5.0
YEM,2014,7.03,5.0
BOL,2014,7.04,6.0
TKM,2014,7.11,4.0
BGR,2014,7.13,8.0
MKD,2014,7.43,6.0
CHN,2014,7.35,5.0
SYC,2014,7.52,5.0
VNM,2014,7.64,5.0
NGA,2014,7.59,3.0
GBR,2014,7.64,10.0
MAR,2014,7.9,5.0
BIH,2014,8.2,9.0
LCA,2014,8.23,5.0
SGP,2014,8.22,4.0
TZA,2014,8.25,4.0
LBR,2014,8.46,9.0
GEO,2014,8.58,8.0
MLI,2014,8.65,4.0
COM,2014,8.87,5.0
ECU,2014,8.9,7.0
UZB,2014,9.03,4.0
ROU,2014,8.97,5.0
PRK,2014,9.13,
DNK,2014,9.09,10.0
CHL,2014,9.13,8.0
ARG,2014,9.16,10.0
PRT,2014,9.23,9.0
DEU,2014,9.19,11.0
NLD,2014,9.28,11.0
MDG,2014,9.79,4.0
TTO,2014,9.83,5.0
NPL,2014,9.93,5.0
MUS,2014,9.85,5.0
ATG,2013,0.0,6.0
BRB,2013,0.097,7.0
GRD,2013,1.12,6.0
BRN,2013,1.82,2.0
JOR,2013,1.89,7.0
PAK,2013,9.98,2.0
RWA,2013,10.13,7.0
TTO,2013,10.14,5.0
CAN,2013,10.19,10.0
AUS,2013,10.24,9.0
NPL,2013,10.26,5.0
NOR,2013,10.29,9.0
ETH,2013,10.43,4.0
FJI,2013,10.51,3.0
IRL,2013,10.5,10.0
CUB,2013,10.64,10.0
NER,2013,10.66,4.0
GMB,2013,10.71,4.0
CHE,2013,10.7,10.0
SLE,2013,11.35,12.0
KGZ,2013,11.42,8.0
AUT,2013,11.45,10.0
NZL,2013,11.56,9.0
KEN,2013,11.57,5.0
LSO,2013,111.4,11.0
USA,2013,12.04,16.0
HTI,2013,12.03,4.0
DJI,2013,12.13,3.0
SEN,2013,12.12,4.0
HRV,2013,12.31,6.0
UGA,2013,12.38,6.0
ISL,2013,12.45,8.0
FRA,2013,12.5,11.0
CZE,2013,12.77,8.0
COD,2013,12.77,3.0
GHA,2013,12.79,5.0
SRB,2013,13.03,9.0
SWE,2013,13.04,11.0
MWI,2013,13.04,8.0
GIN,2013,13.2,3.0
GAB,2013,13.57,3.0
GNQ,2013,13.76,2.0
BDI,2013,13.75,9.0
BEN,2013,13.84,3.0
WSM,2013,14.12,6.0
URY,2013,14.16,8.0
AGO,2013,14.16,3.0
IND,2013,14.45,4.0
MDA,2013,14.4,9.0
NAM,2013,14.38,9.0
COG,2013,14.49,2.0
GNB,2013,14.79,7.0
EST,2013,14.9,6.0
LKA,2013,14.98,4.0
FIN,2013,15.04,10.0
POL,2013,15.06,6.0
TCD,2013,15.13,4.0
SOM,2013,15.2,
BEL,2013,15.38,11.0
BFA,2013,16.09,6.0
HUN,2013,16.14,7.0
SVN,2013,16.16,9.0
MNE,2013,16.34,8.0
LVA,2013,16.7,5.0
JPN,2013,16.69,11.0
CPV,2013,17.46,5.0
TGO,2013,17.79,5.0
ZMB,2013,17.91,5.0
SLB,2013,18.19,5.0
CMR,2013,18.71,4.0
UKR,2013,18.66,7.0
ERI,2013,19.24,5.0
CIV,2013,19.45,
SYR,2013,2.01,
JAM,2013,2.01,5.0
STP,2013,2.19,8.0
TUR,2013,2.27,4.0
KWT,2013,2.34,2.0
VEN,2013,2.61,
IDN,2013,2.69,3.0
MDV,2013,2.8,8.0
DZA,2013,2.85,6.0
PHL,2013,2.88,4.0
MNG,2013,20.43,4.0
VUT,2013,21.76,4.0
BLR,2013,22.82,6.0
KOR,2013,23.84,6.0
ZAF,2013,25.12,8.0
MOZ,2013,26.01,6.0
KAZ,2013,26.16,3.0
SUR,2013,26.54,4.0
CAF,2013,26.95,5.0
FSM,2013,27.4,12.0
BWA,2013,27.75,6.0
RUS,2013,29.13,5.0
LBN,2013,3.01,7.0
TUN,2013,3.17,7.0
PER,2013,3.19,5.0
BHS,2013,3.17,6.0
PNG,2013,3.43,3.0
MMR,2013,3.46,3.0
PAN,2013,3.54,7.0
COL,2013,3.62,7.0
VCT,2013,3.74,4.0
EGY,2013,3.77,5.0
BGD,2013,3.8,2.0
HND,2013,3.9,8.0
ZWE,2013,31.4,7.0
KIR,2013,32.34,10.0
LTU,2013,33.97,6.0
GRC,2013,3.96,8.0
TLS,2013,4.23,9.0
AZE,2013,4.19,3.0
ALB,2013,4.84,6.0
LBY,2013,4.78,
OMN,2013,4.79,3.0
MYS,2013,4.9,4.0
GUY,2013,40.71,4.0
TJK,2013,5.04,7.0
SDN,2013,5.11,7.0
PRY,2013,5.07,6.0
CYP,2013,5.1,7.0
ISR,2013,5.06,7.0
BTN,2013,5.2,4.0
TON,2013,5.27,4.0
QAT,2013,5.3,2.0
ARM,2013,5.31,10.0
MEX,2013,5.28,6.0
ITA,2013,5.27,9.0
MRT,2013,5.43,3.0
BRA,2013,5.41,8.0
IRQ,2013,5.7,3.0
ARE,2013,5.91,4.0
NIC,2013,5.87,8.0
MLT,2013,5.9,8.0
KHM,2013,5.96,7.0
DOM,2013,6.06,5.0
IRN,2013,6.1,6.0
AFG,2013,6.17,9.0
BHR,2013,6.15,4.0
ESP,2013,6.16,9.0
LAO,2013,6.33,2.0
SAU,2013,6.31,4.0
CRI,2013,6.42,8.0
SSD,2013,6.47,
THA,2013,6.59,3.0
SLV,2013,6.72,9.0
GTM,2013,6.67,6.0
BLZ,2013,6.83,4.0
BOL,2013,6.87,6.0
SWZ,2013,62.02,7.0
YEM,2013,7.11,5.0
SYC,2013,7.3,4.0
TKM,2013,7.42,4.0
BGR,2013,7.35,7.0
VNM,2013,7.53,4.0
LCA,2013,7.69,5.0
CHN,2013,7.65,5.0
GBR,2013,7.71,10.0
MUS,2013,7.77,5.0
NGA,2013,8.01,3.0
PRT,2013,7.98,9.0
MKD,2013,8.05,7.0
MAR,2013,8.24,5.0
BIH,2013,8.23,9.0
GEO,2013,8.17,8.0
COM,2013,8.51,5.0
LBR,2013,8.5,7.0
ARG,2013,8.45,10.0
SGP,2013,8.49,4.0
TZA,2013,8.64,5.0
MLI,2013,8.75,4.0
LUX,2013,8.83,5.0
UZB,2013,8.92,6.0
DNK,2013,8.98,10.0
PRK,2013,9.12,
CHL,2013,9.15,7.0
DEU,2013,9.22,11.0
NLD,2013,9.47,11.0
ECU,2013,9.68,7.0
MDG,2013,9.79,4.0
SVK,2013,9.92,7.0
ROU,2013,9.86,5.0
ATG,2012,0.0,5.0
BRB,2012,0.21,8.0
GRD,2012,1.64,6.0
SYR,2012,1.89,3.0
PAK,2012,9.97,2.0
CAN,2012,10.07,11.0
SVK,2012,10.21,8.0
ECU,2012,10.26,7.0
ROU,2012,10.34,5.0
FJI,2012,10.5,3.0
CHE,2012,10.49,10.0
AUS,2012,10.48,9.0
NPL,2012,10.59,4.0
NER,2012,10.58,4.0
RWA,2012,10.56,8.0
CUB,2012,10.74,9.0
GMB,2012,10.8,4.0
LSO,2012,102.0,10.0
ETH,2012,11.34,5.0
IRL,2012,11.67,11.0
KEN,2012,11.67,5.0
AUT,2012,11.78,10.0
SLE,2012,11.84,9.0
KGZ,2012,11.92,9.0
DJI,2012,11.9,3.0
USA,2012,12.06,16.0
HTI,2012,12.18,6.0
SEN,2012,12.2,4.0
SWE,2012,12.25,11.0
NZL,2012,12.35,10.0
ISL,2012,12.53,8.0
GIN,2012,12.91,4.0
COD,2012,13.01,3.0
GHA,2012,12.99,4.0
HRV,2012,13.11,8.0
CZE,2012,13.05,8.0
UGA,2012,13.23,6.0
SRB,2012,13.28,9.0
FRA,2012,13.36,11.0
MWI,2012,13.7,6.0
BEN,2012,13.94,3.0
GAB,2012,13.97,2.0
BDI,2012,14.09,9.0
AGO,2012,14.16,2.0
NAM,2012,14.5,9.0
MDA,2012,14.61,9.0
GNB,2012,14.69,6.0
WSM,2012,14.75,5.0
FIN,2012,14.91,10.0
IND,2012,15.07,3.0
POL,2012,15.29,6.0
SOM,2012,15.28,
GNQ,2012,15.53,2.0
COG,2012,15.5,2.0
TCD,2012,15.6,4.0
SVN,2012,15.9,9.0
BFA,2012,16.11,5.0
URY,2012,16.1,8.0
LKA,2012,16.4,3.0
BEL,2012,16.42,11.0
JPN,2012,17.02,11.0
MNE,2012,17.06,8.0
EST,2012,17.15,6.0
TGO,2012,18.02,5.0
CPV,2012,17.98,5.0
HUN,2012,18.37,7.0
SLB,2012,18.39,5.0
ZMB,2012,18.52,4.0
UKR,2012,19.02,7.0
CMR,2012,19.15,4.0
LVA,2012,19.39,5.0
ERI,2012,19.73,4.0
CIV,2012,19.74,
JOR,2012,1.96,8.0
JAM,2012,2.09,5.0
STP,2012,2.24,6.0
BRN,2012,2.18,2.0
TUR,2012,2.24,4.0
KWT,2012,2.31,2.0
IDN,2012,2.76,3.0
DZA,2012,2.89,6.0
MDV,2012,2.88,9.0
PHL,2012,2.85,4.0
MNG,2012,20.99,4.0
VUT,2012,21.94,4.0
KOR,2012,24.01,6.0
ZAF,2012,24.63,8.0
BLR,2012,24.63,5.0
MOZ,2012,26.54,5.0
CAF,2012,26.64,4.0
SUR,2012,26.82,4.0
KAZ,2012,27.33,3.0
FSM,2012,27.58,12.0
BWA,2012,28.99,6.0
LTU,2012,29.22,6.0
RUS,2012,29.83,5.0
LBN,2012,2.99,7.0
TUN,2012,3.24,6.0
PER,2012,3.32,5.0
VEN,2012,3.41,
PNG,2012,3.45,3.0
MMR,2012,3.54,2.0
BHS,2012,3.58,5.0
GRC,2012,3.73,9.0
EGY,2012,3.83,4.0
PAN,2012,3.75,7.0
COL,2012,3.81,7.0
KIR,2012,32.04,9.0
ZWE,2012,33.07,7.0
GUY,2012,37.62,4.0
HND,2012,3.95,9.0
BGD,2012,4.0,2.0
TLS,2012,4.28,7.0
AZE,2012,4.31,3.0
PRY,2012,4.7,7.0
ALB,2012,4.82,6.0
CYP,2012,4.9,7.0
OMN,2012,4.85,2.0
NIC,2012,4.86,7.0
MEX,2012,4.95,6.0
SDN,2012,5.09,6.0
TJK,2012,5.08,6.0
MLT,2012,5.1,8.0
BTN,2012,5.22,4.0
MYS,2012,5.17,3.0
TON,2012,5.25,5.0
VCT,2012,5.31,4.0
BRA,2012,5.29,8.0
ITA,2012,5.36,9.0
MRT,2012,5.53,3.0
LBY,2012,5.55,
IRQ,2012,5.58,3.0
ESP,2012,5.63,9.0
QAT,2012,5.83,2.0
DOM,2012,5.8,5.0
ISR,2012,5.99,7.0
ARE,2012,6.13,3.0
KHM,2012,6.12,7.0
AFG,2012,6.24,8.0
IRN,2012,6.16,6.0
CRI,2012,6.34,8.0
LAO,2012,6.4,2.0
BHR,2012,6.44,4.0
SAU,2012,6.41,4.0
ARM,2012,6.39,9.0
SSD,2012,6.71,
BOL,2012,6.9,5.0
SWZ,2012,66.26,8.0
SLV,2012,6.97,9.0
THA,2012,7.03,4.0
GTM,2012,7.01,6.0
YEM,2012,7.21,5.0
SYC,2012,7.33,5.0
BLZ,2012,7.35,4.0
TKM,2012,7.36,3.0
GBR,2012,7.36,10.0
VNM,2012,7.52,5.0
GEO,2012,7.65,8.0
BIH,2012,8.11,9.0
CHN,2012,8.14,5.0
MKD,2012,8.15,7.0
LCA,2012,8.21,5.0
NGA,2012,8.33,3.0
TZA,2012,8.45,5.0
PRT,2012,8.48,10.0
COM,2012,8.62,5.0
MLI,2012,8.73,4.0
LBR,2012,8.73,8.0
BGR,2012,8.75,8.0
TTO,2012,8.86,5.0
NLD,2012,8.88,11.0
LUX,2012,8.95,5.0
UZB,2012,8.98,6.0
ARG,2012,8.96,10.0
DEU,2012,8.98,11.0
PRK,2012,9.09,
MAR,2012,9.15,5.0
MUS,2012,9.23,4.0
SGP,2012,9.16,3.0
DNK,2012,9.82,11.0
MDG,2012,9.89,4.0
CHL,2012,9.86,7.0
NOR,2012,9.94,9.0
ATG,2011,0.16,5.0
BRB,2011,0.64,7.0
GRD,2011,1.57,6.0
BRN,2011,1.66,2.0
SYR,2011,1.8,3.0
PAK,2011,10.02,2.0
ECU,2011,10.01,7.0
MDG,2011,10.15,5.0
AUS,2011,10.06,9.0
FJI,2011,10.33,3.0
NER,2011,10.44,5.0
SVK,2011,10.41,7.0
CHE,2011,10.51,10.0
NPL,2011,10.73,4.0
ISL,2011,10.69,8.0
RWA,2011,10.93,8.0
GMB,2011,10.96,4.0
CHL,2011,11.0,7.0
NZL,2011,10.99,10.0
CUB,2011,11.13,11.0
SLE,2011,11.74,11.0
HRV,2011,11.76,8.0
IRL,2011,11.83,11.0
NOR,2011,11.85,9.0
DJI,2011,11.84,3.0
KEN,2011,11.77,5.0
SWE,2011,12.0,10.0
USA,2011,12.01,16.0
SEN,2011,12.12,4.0
KGZ,2011,12.25,7.0
AUT,2011,12.28,10.0
ETH,2011,12.38,4.0
HTI,2011,12.46,6.0
GIN,2011,12.78,4.0
CZE,2011,12.9,8.0
GHA,2011,13.11,5.0
SRB,2011,13.17,9.0
MDA,2011,13.25,9.0
COD,2011,13.32,3.0
AGO,2011,13.49,3.0
FRA,2011,13.59,11.0
BEN,2011,14.14,3.0
BDI,2011,14.51,10.0
UGA,2011,14.47,7.0
MWI,2011,14.59,5.0
EST,2011,14.75,6.0
WSM,2011,14.79,5.0
URY,2011,15.02,8.0
POL,2011,14.98,6.0
GNB,2011,15.08,6.0
SOM,2011,15.32,
COG,2011,15.3,2.0
IND,2011,15.5,3.0
SVN,2011,15.46,9.0
BFA,2011,15.65,5.0
FIN,2011,15.68,9.0
GAB,2011,15.78,3.0
TCD,2011,15.89,4.0
NAM,2011,16.14,10.0
GNQ,2011,16.64,1.0
BEL,2011,16.71,10.0
MNE,2011,17.02,8.0
LKA,2011,17.85,4.0
TGO,2011,18.12,5.0
CPV,2011,18.21,4.0
LVA,2011,18.15,6.0
JPN,2011,18.43,10.0
SLB,2011,18.54,5.0
UKR,2011,18.95,7.0
HUN,2011,18.95,7.0
CMR,2011,19.41,4.0
CIV,2011,19.61,
ZMB,2011,19.82,4.0
JOR,2011,1.98,8.0
STP,2011,2.11,7.0
KWT,2011,2.24,2.0
JAM,2011,2.28,5.0
TUR,2011,2.28,5.0
HND,2011,2.59,9.0
DZA,2011,2.94,5.0
MDV,2011,2.88,8.0
IDN,2011,2.85,3.0
ERI,2011,20.16,5.0
VUT,2011,21.76,4.0
MNG,2011,21.87,4.0
ZAF,2011,24.43,8.0
MOZ,2011,25.86,5.0
SUR,2011,26.02,4.0
FSM,2011,27.52,13.0
CAF,2011,27.57,4.0
KOR,2011,27.89,6.0
KAZ,2011,28.29,3.0
BWA,2011,29.09,6.0
LBN,2011,3.06,8.0
TUN,2011,3.29,6.0
PNG,2011,3.29,2.0
PHL,2011,3.37,4.0
PER,2011,3.45,5.0
GRC,2011,3.51,9.0
EGY,2011,3.69,4.0
MMR,2011,3.67,2.0
CYP,2011,3.7,6.0
COL,2011,3.67,7.0
BHS,2011,3.77,5.0
VEN,2011,3.81,
BLR,2011,30.16,5.0
RUS,2011,31.1,5.0
LTU,2011,31.85,6.0
KIR,2011,32.85,9.0
ZWE,2011,34.3,8.0
GUY,2011,35.31,4.0
PAN,2011,3.95,7.0
TLS,2011,4.3,7.0
BGD,2011,4.34,2.0
AZE,2011,4.44,3.0
PRY,2011,4.68,6.0
LBY,2011,4.98,4.0
TJK,2011,5.06,6.0
ESP,2011,5.1,9.0
ITA,2011,5.13,9.0
BTN,2011,5.21,3.0
TON,2011,5.21,4.0
MYS,2011,5.24,3.0
BRA,2011,5.19,8.0
SDN,2011,5.28,6.0
MRT,2011,5.34,2.0
VCT,2011,5.4,4.0
MEX,2011,5.36,6.0
IRQ,2011,5.52,3.0
OMN,2011,5.47,2.0
DOM,2011,5.5,5.0
ISR,2011,5.45,7.0
MLT,2011,5.73,8.0
ARM,2011,5.74,9.0
NIC,2011,5.94,7.0
MKD,2011,5.91,7.0
IRN,2011,6.14,6.0
KHM,2011,6.22,8.0
SAU,2011,6.2,4.0
QAT,2011,6.24,2.0
ARE,2011,6.29,4.0
AFG,2011,6.42,9.0
SSD,2011,6.61,
LAO,2011,6.66,2.0
CRI,2011,6.7,8.0
BHR,2011,6.88,4.0
LCA,2011,6.89,5.0
SWZ,2011,65.99,8.0
BOL,2011,7.05,5.0
YEM,2011,7.2,5.0
THA,2011,7.17,4.0
GEO,2011,7.2,8.0
VNM,2011,7.39,5.0
GBR,2011,7.42,10.0
SYC,2011,7.46,4.0
ALB,2011,7.63,6.0
GTM,2011,7.63,6.0
TKM,2011,7.82,3.0
BLZ,2011,7.92,5.0
SGP,2011,7.86,3.0
BGR,2011,7.9,7.0
PRT,2011,7.94,10.0
SLV,2011,8.02,9.0
BIH,2011,8.35,9.0
ARG,2011,8.42,9.0
NLD,2011,8.4,10.0
COM,2011,8.53,5.0
MUS,2011,8.56,4.0
UZB,2011,8.57,5.0
MLI,2011,8.68,4.0
NGA,2011,8.65,3.0
LBR,2011,8.84,10.0
CHN,2011,8.84,4.0
PRK,2011,9.24,
TTO,2011,9.2,5.0
TZA,2011,9.32,5.0
LUX,2011,9.32,6.0
DEU,2011,9.25,11.0
MAR,2011,9.49,5.0
CAN,2011,9.63,10.0
DNK,2011,9.67,10.0
ROU,2011,9.86,4.0
LSO,2011,91.07,9.0
ATG,2010,0.13,5.0
GRD,2010,0.73,5.0
BRN,2010,1.14,2.0
BRB,2010,1.22,7.0
SYR,2010,1.81,3.0
FJI,2010,10.12,3.0
PAK,2010,10.16,2.0
MDG,2010,10.18,5.0
ECU,2010,10.18,6.0
CAN,2010,10.26,11.0
NER,2010,10.39,5.0
AUS,2010,10.41,8.0
NPL,2010,10.52,4.0
CHE,2010,10.54,10.0
GMB,2010,10.64,4.0
TTO,2010,10.59,5.0
ROU,2010,10.71,6.0
NOR,2010,10.89,9.0
CHL,2010,11.01,7.0
SVK,2010,11.14,8.0
IRL,2010,11.17,11.0
CUB,2010,11.45,11.0
RWA,2010,11.5,8.0
USA,2010,11.72,16.0
DJI,2010,11.72,3.0
ISL,2010,11.79,8.0
CZE,2010,11.93,8.0
KEN,2010,11.85,5.0
NZL,2010,12.02,10.0
SWE,2010,12.01,8.0
AUT,2010,12.21,10.0
SLE,2010,12.16,9.0
SRB,2010,12.42,10.0
KGZ,2010,12.39,7.0
SEN,2010,12.37,4.0
GIN,2010,12.47,3.0
ETH,2010,13.1,5.0
HRV,2010,13.2,8.0
HTI,2010,13.2,5.0
GHA,2010,13.26,4.0
COD,2010,13.5,4.0
FRA,2010,13.89,11.0
BEN,2010,14.14,3.0
AGO,2010,14.21,3.0
URY,2010,14.26,8.0
UGA,2010,14.64,7.0
WSM,2010,14.83,5.0
BDI,2010,14.92,11.0
GNQ,2010,15.27,2.0
EST,2010,15.42,7.0
SOM,2010,15.38,
GNB,2010,15.39,5.0
POL,2010,15.51,6.0
IND,2010,15.56,3.0
SVN,2010,15.56,9.0
GAB,2010,15.77,2.0
COG,2010,15.79,2.0
BFA,2010,15.82,5.0
MWI,2010,16.03,5.0
TCD,2010,15.97,4.0
FIN,2010,16.44,9.0
MNE,2010,16.52,
BEL,2010,16.52,10.0
MDA,2010,17.64,10.0
NAM,2010,17.99,10.0
TGO,2010,18.2,4.0
CPV,2010,18.44,4.0
LVA,2010,18.59,6.0
SLB,2010,18.6,5.0
JPN,2010,18.81,9.0
HUN,2010,19.17,7.0
CMR,2010,19.51,4.0
ZMB,2010,19.71,4.0
JAM,2010,1.97,5.0
JOR,2010,2.02,8.0
STP,2010,2.18,7.0
KWT,2010,2.43,3.0
TUR,2010,2.47,5.0
HND,2010,2.66,9.0
GRC,2010,2.72,10.0
VCT,2010,2.88,4.0
IDN,2010,2.92,3.0
PHL,2010,2.89,4.0
CIV,2010,20.01,
UKR,2010,20.17,7.0
ERI,2010,20.53,5.0
LKA,2010,21.87,4.0
VUT,2010,22.15,4.0
MNG,2010,22.4,4.0
MOZ,2010,25.31,5.0
ZAF,2010,26.92,8.0
FSM,2010,26.99,13.0
SUR,2010,27.42,5.0
KOR,2010,27.98,6.0
CAF,2010,28.12,4.0
KAZ,2010,29.41,3.0
BLR,2010,29.89,6.0
DZA,2010,3.0,5.0
LBN,2010,3.04,7.0
MDV,2010,3.05,8.0
PNG,2010,3.29,2.0
TUN,2010,3.37,6.0
EGY,2010,3.62,4.0
PER,2010,3.63,5.0
VEN,2010,3.6,
BHS,2010,3.66,5.0
MMR,2010,3.75,2.0
PRY,2010,3.82,5.0
COL,2010,3.85,7.0
BWA,2010,31.2,6.0
LTU,2010,31.32,7.0
KIR,2010,32.65,9.0
RUS,2010,33.01,5.0
ZWE,2010,35.01,10.0
GUY,2010,36.37,4.0
TLS,2010,4.15,6.0
PAN,2010,4.33,7.0
AZE,2010,4.53,3.0
CYP,2010,4.63,7.0
MEX,2010,4.66,6.0
BGD,2010,4.82,2.0
ITA,2010,4.82,9.0
TJK,2010,4.98,6.0
BRA,2010,5.0,8.0
ESP,2010,5.05,9.0
SDN,2010,5.15,5.0
BTN,2010,5.24,4.0
IRQ,2010,5.34,3.0
TON,2010,5.34,5.0
MYS,2010,5.3,3.0
LBY,2010,5.44,3.0
DOM,2010,5.38,5.0
NIC,2010,5.37,8.0
MRT,2010,5.49,3.0
SAU,2010,5.66,4.0
MKD,2010,5.82,7.0
IRN,2010,5.78,6.0
ARM,2010,5.86,9.0
OMN,2010,6.1,2.0
KHM,2010,6.34,7.0
ARE,2010,6.42,4.0
QAT,2010,6.39,2.0
SLV,2010,6.4,9.0
SSD,2010,6.64,
MLT,2010,6.63,8.0
ISR,2010,6.56,7.0
AFG,2010,6.67,9.0
LAO,2010,6.8,3.0
CRI,2010,6.76,8.0
BOL,2010,7.0,5.0
GEO,2010,6.98,9.0
GBR,2010,6.95,10.0
BHR,2010,7.16,4.0
VNM,2010,7.3,5.0
THA,2010,7.29,3.0
YEM,2010,7.35,5.0
SYC,2010,7.42,5.0
MUS,2010,7.37,5.0
ALB,2010,7.63,6.0
LCA,2010,7.63,5.0
SWZ,2010,70.49,9.0
NLD,2010,8.06,10.0
BLZ,2010,8.18,4.0
SGP,2010,8.23,3.0
BIH,2010,8.3,9.0
UZB,2010,8.3,5.0
ARG,2010,8.43,9.0
BGR,2010,8.45,7.0
MLI,2010,8.69,5.0
LBR,2010,8.68,10.0
GTM,2010,8.66,6.0
TKM,2010,8.65,3.0
NGA,2010,8.79,3.0
PRT,2010,8.83,10.0
DNK,2010,8.92,11.0
LSO,2010,86.89,8.0
COM,2010,9.01,5.0
PRK,2010,9.19,
MAR,2010,9.53,5.0
DEU,2010,9.5,11.0
LUX,2010,9.62,7.0
CHN,2010,9.59,4.0
TZA,2010,9.81,5.0
ATG,2009,0.0,4.0
GRD,2009,0.52,5.0
BRB,2009,1.13,7.0
BRN,2009,1.58,2.0
SYR,2009,1.79,4.0
ROU,2009,10.04,5.0
AUS,2009,10.01,9.0
CHN,2009,10.09,4.0
NER,2009,10.23,5.0
MDG,2009,10.21,4.0
FJI,2009,10.16,4.0
CAN,2009,10.24,11.0
PAK,2009,10.3,2.0
TTO,2009,10.42,5.0
NPL,2009,10.46,4.0
SVK,2009,10.54,8.0
TZA,2009,10.57,5.0
ECU,2009,10.76,6.0
GMB,2009,10.88,4.0
NZL,2009,10.94,10.0
CUB,2009,11.08,12.0
NOR,2009,11.37,9.0
USA,2009,11.42,16.0
DJI,2009,11.47,4.0
CZE,2009,11.83,7.0
AUT,2009,11.89,10.0
SLE,2009,11.93,10.0
GIN,2009,11.88,4.0
CHE,2009,12.1,10.0
CHL,2009,12.12,7.0
RWA,2009,12.06,8.0
KEN,2009,12.13,5.0
SEN,2009,12.39,4.0
KGZ,2009,12.82,7.0
HTI,2009,12.76,4.0
ISL,2009,12.88,9.0
WSM,2009,13.01,5.0
GHA,2009,13.03,4.0
SWE,2009,13.09,9.0
HRV,2009,13.24,8.0
IRL,2009,13.3,11.0
URY,2009,13.37,8.0
COD,2009,13.64,5.0
AGO,2009,13.65,4.0
ETH,2009,13.67,5.0
GNQ,2009,13.89,2.0
FRA,2009,14.08,11.0
BEN,2009,14.24,3.0
SRB,2009,14.8,9.0
BDI,2009,15.22,9.0
UGA,2009,15.48,6.0
IND,2009,15.59,3.0
GNB,2009,15.64,5.0
BFA,2009,15.7,5.0
TCD,2009,15.8,4.0
MWI,2009,15.87,6.0
GAB,2009,15.89,4.0
SOM,2009,15.95,
POL,2009,16.11,7.0
COG,2009,16.3,2.0
BEL,2009,16.71,10.0
SVN,2009,16.78,9.0
MDA,2009,17.07,14.0
MNE,2009,17.23,
FIN,2009,17.89,9.0
NAM,2009,18.42,9.0
CPV,2009,18.44,4.0
TGO,2009,18.47,4.0
SLB,2009,18.7,7.0
ZMB,2009,19.02,5.0
EST,2009,19.21,7.0
CIV,2009,19.41,
HUN,2009,19.54,7.0
JPN,2009,19.49,9.0
JOR,2009,2.09,9.0
STP,2009,2.25,7.0
JAM,2009,2.39,5.0
TUR,2009,2.47,5.0
HND,2009,2.72,9.0
VCT,2009,2.69,4.0
KWT,2009,2.68,3.0
PHL,2009,2.78,4.0
GRC,2009,2.87,9.0
CMR,2009,19.97,3.0
ERI,2009,20.86,5.0
LVA,2009,21.67,6.0
UKR,2009,21.81,7.0
VUT,2009,22.48,3.0
MNG,2009,22.69,4.0
LKA,2009,22.72,4.0
MOZ,2009,24.64,5.0
SUR,2009,26.53,5.0
FSM,2009,27.02,13.0
CAF,2009,28.53,5.0
KOR,2009,28.78,6.0
ZAF,2009,29.24,8.0
KAZ,2009,29.61,3.0
LBN,2009,3.04,7.0
IDN,2009,2.98,3.0
DZA,2009,3.15,5.0
PNG,2009,3.15,2.0
MDV,2009,3.29,10.0
TUN,2009,3.43,5.0
PER,2009,3.44,5.0
BHS,2009,3.39,5.0
VEN,2009,3.4,
EGY,2009,3.55,4.0
MMR,2009,3.88,2.0
BLR,2009,30.41,5.0
BWA,2009,32.13,7.0
KIR,2009,32.95,13.0
LTU,2009,33.09,7.0
RUS,2009,33.32,6.0
ZWE,2009,35.24,
GUY,2009,36.31,4.0
CYP,2009,3.99,6.0
ARM,2009,4.06,8.0
COL,2009,4.15,7.0
TLS,2009,4.41,7.0
AZE,2009,4.64,3.0
PRY,2009,4.74,6.0
MEX,2009,4.81,6.0
TJK,2009,4.9,6.0
ITA,2009,4.87,9.0
IRQ,2009,5.13,4.0
TON,2009,5.06,4.0
BGD,2009,5.06,2.0
PAN,2009,5.06,7.0
SDN,2009,5.22,6.0
SAU,2009,5.23,4.0
BRA,2009,5.19,8.0
BTN,2009,5.38,4.0
NIC,2009,5.47,8.0
MYS,2009,5.47,3.0
MRT,2009,5.56,3.0
DOM,2009,5.63,5.0
CRI,2009,5.55,8.0
ESP,2009,5.62,9.0
LBY,2009,5.65,4.0
IRN,2009,5.71,6.0
ISR,2009,5.91,7.0
OMN,2009,6.02,2.0
MLT,2009,6.12,8.0
KHM,2009,6.39,8.0
ARE,2009,6.58,4.0
SSD,2009,6.71,
QAT,2009,6.73,2.0
AFG,2009,6.84,10.0
BOL,2009,6.99,5.0
LAO,2009,6.99,3.0
LCA,2009,7.02,5.0
GBR,2009,7.15,10.0
VNM,2009,7.31,4.0
SYC,2009,7.29,4.0
THA,2009,7.27,4.0
GEO,2009,7.36,10.0
BLZ,2009,7.48,5.0
YEM,2009,7.63,6.0
BHR,2009,7.65,4.0
NLD,2009,7.78,10.0
SWZ,2009,75.15,9.0
ALB,2009,7.96,6.0
MKD,2009,8.11,7.0
UZB,2009,8.22,5.0
ARG,2009,8.35,9.0
BIH,2009,8.54,9.0
BGR,2009,8.51,7.0
COM,2009,8.55,5.0
LBR,2009,8.58,12.0
MUS,2009,8.6,4.0
PRT,2009,8.65,10.0
MLI,2009,8.87,5.0
LUX,2009,8.9,7.0
LSO,2009,84.63,9.0
NGA,2009,8.97,4.0
SLV,2009,8.95,9.0
SGP,2009,9.03,3.0
PRK,2009,9.13,
DEU,2009,9.13,11.0
GTM,2009,9.46,6.0
TKM,2009,9.6,3.0
MAR,2009,9.66,5.0
DNK,2009,9.81,11.0
ATG,2008,0.25,4.0
BRB,2008,0.72,6.0
SYR,2008,1.81,3.0
BRN,2008,1.81,2.0
DNK,2008,10.04,10.0
NER,2008,10.14,5.0
NPL,2008,10.21,4.0
FJI,2008,10.2,3.0
MDG,2008,10.3,4.0
CUB,2008,10.39,11.0
AUS,2008,10.45,8.0
PAK,2008,10.54,3.0
SVK,2008,10.5,7.0
CHN,2008,10.59,4.0
NOR,2008,10.63,8.0
ECU,2008,10.83,5.0
LUX,2008,10.81,6.0
TZA,2008,11.03,6.0
GMB,2008,11.2,5.0
CZE,2008,11.33,6.0
USA,2008,11.4,15.0
DJI,2008,11.44,4.0
IRL,2008,11.45,9.0
AUT,2008,11.67,10.0
GIN,2008,11.75,3.0
TKM,2008,11.69,3.0
CHL,2008,11.76,7.0
SLE,2008,11.83,9.0
NZL,2008,11.9,9.0
SWE,2008,12.36,8.0
HTI,2008,12.59,4.0
SEN,2008,12.66,4.0
TTO,2008,12.77,4.0
KEN,2008,12.77,5.0
RWA,2008,12.94,8.0
GHA,2008,12.86,4.0
KGZ,2008,13.21,7.0
ISL,2008,13.35,8.0
HRV,2008,13.36,8.0
COD,2008,13.41,4.0
URY,2008,13.51,8.0
CHE,2008,13.48,10.0
GNQ,2008,13.95,1.0
SRB,2008,13.99,9.0
FRA,2008,13.96,11.0
BEN,2008,13.97,3.0
ETH,2008,14.24,4.0
POL,2008,14.41,6.0
WSM,2008,14.94,5.0
MWI,2008,15.23,6.0
AGO,2008,15.27,3.0
GNB,2008,15.51,5.0
SVN,2008,15.63,8.0
TCD,2008,15.67,4.0
BDI,2008,15.66,8.0
BFA,2008,15.69,5.0
SOM,2008,16.01,
COG,2008,15.96,2.0
UGA,2008,16.07,5.0
EST,2008,16.24,6.0
IND,2008,16.32,4.0
BEL,2008,16.58,10.0
MDA,2008,16.84,11.0
GAB,2008,17.34,3.0
MNE,2008,17.32,
LKA,2008,17.47,4.0
FIN,2008,18.12,8.0
CPV,2008,18.3,4.0
SLB,2008,18.73,6.0
TGO,2008,18.89,4.0
CIV,2008,19.0,
ZMB,2008,19.01,4.0
JPN,2008,19.03,8.0
HUN,2008,19.13,7.0
NAM,2008,19.66,10.0
GRD,2008,2.05,5.0
JOR,2008,2.22,8.0
JAM,2008,2.29,6.0
STP,2008,2.37,7.0
PHL,2008,2.36,4.0
TUR,2008,2.47,5.0
GRC,2008,2.63,9.0
HND,2008,2.84,9.0
PER,2008,2.89,5.0
KWT,2008,2.92,2.0
CMR,2008,20.12,4.0
ERI,2008,21.27,6.0
VUT,2008,21.7,3.0
LVA,2008,21.66,6.0
MNG,2008,22.9,5.0
MOZ,2008,23.08,4.0
KOR,2008,24.38,5.0
UKR,2008,25.9,5.0
SUR,2008,26.7,5.0
FSM,2008,27.0,12.0
CAF,2008,27.29,4.0
ZAF,2008,29.43,7.0
LBN,2008,3.01,8.0
IDN,2008,3.06,3.0
DZA,2008,3.31,4.0
PNG,2008,3.28,2.0
TLS,2008,3.42,7.0
BHS,2008,3.4,5.0
EGY,2008,3.51,4.0
TUN,2008,3.47,5.0
MDV,2008,3.49,11.0
VEN,2008,3.74,
MMR,2008,3.91,2.0
PRY,2008,3.93,5.0
BLR,2008,30.58,5.0
ZWE,2008,31.7,
LTU,2008,32.65,6.0
KIR,2008,33.45,14.0
GUY,2008,33.68,4.0
KAZ,2008,33.76,3.0
RUS,2008,35.38,5.0
BWA,2008,36.06,6.0
ARM,2008,4.23,7.0
VCT,2008,4.33,4.0
COL,2008,4.27,7.0
MEX,2008,4.58,6.0
TON,2008,4.71,6.0
AZE,2008,4.79,2.0
IRQ,2008,4.86,3.0
TJK,2008,4.86,6.0
SAU,2008,4.88,3.0
ITA,2008,4.85,9.0
ISR,2008,5.06,7.0
SDN,2008,5.19,5.0
BRA,2008,5.22,8.0
BGD,2008,5.25,2.0
LBY,2008,5.41,2.0
MYS,2008,5.43,3.0
BTN,2008,5.52,3.0
CRI,2008,5.49,7.0
MRT,2008,5.55,3.0
DOM,2008,5.61,5.0
NIC,2008,5.57,7.0
CYP,2008,5.55,6.0
MLT,2008,5.55,8.0
PAN,2008,5.61,7.0
BLZ,2008,5.7,5.0
IRN,2008,5.74,5.0
ESP,2008,5.78,8.0
OMN,2008,6.32,2.0
MUS,2008,6.44,4.0
GEO,2008,6.52,8.0
KHM,2008,6.65,7.0
ARE,2008,6.69,3.0
QAT,2008,6.78,2.0
SSD,2008,6.86,
BOL,2008,7.01,5.0
LAO,2008,7.21,3.0
AFG,2008,7.17,10.0
SLV,2008,7.28,8.0
GBR,2008,7.26,9.0
VNM,2008,7.35,4.0
THA,2008,7.42,3.0
NLD,2008,7.44,9.0
SYC,2008,7.71,4.0
YEM,2008,7.81,6.0
MKD,2008,7.93,7.0
LCA,2008,7.89,5.0
SWZ,2008,75.82,9.0
LSO,2008,77.79,8.0
ALB,2008,8.09,6.0
BHR,2008,8.28,3.0
LBR,2008,8.62,6.0
PRT,2008,8.6,10.0
ARG,2008,8.59,8.0
BIH,2008,8.72,10.0
SGP,2008,8.78,3.0
MLI,2008,8.86,5.0
UZB,2008,8.9,5.0
COM,2008,8.99,5.0
NGA,2008,9.14,4.0
DEU,2008,9.06,10.0
PRK,2008,9.2,
BGR,2008,9.19,6.0
ROU,2008,9.53,5.0
MAR,2008,9.76,5.0
GTM,2008,9.87,6.0
CAN,2008,9.88,10.0
ATG,2007,0.33,4.0
BRB,2007,1.26,6.0
SYR,2007,1.77,4.0
JAM,2007,1.85,5.0
GRD,2007,1.89,5.0
NPL,2007,9.97,4.0
MUS,2007,9.96,4.0
FJI,2007,10.05,3.0
NER,2007,10.25,5.0
MDG,2007,10.38,5.0
TZA,2007,10.43,7.0
GTM,2007,10.36,6.0
ECU,2007,10.54,5.0
TTO,2007,10.5,4.0
CHL,2007,10.65,6.0
NOR,2007,10.55,8.0
PAK,2007,10.73,3.0
IRL,2007,10.76,8.0
CHN,2007,11.1,4.0
USA,2007,11.19,15.0
GMB,2007,11.23,5.0
LUX,2007,11.22,6.0
CZE,2007,11.25,6.0
DJI,2007,11.5,4.0
NZL,2007,11.72,8.0
SLE,2007,11.67,9.0
GIN,2007,11.66,3.0
SVK,2007,11.73,7.0
SWE,2007,11.9,8.0
AUT,2007,12.16,10.0
GHA,2007,12.42,4.0
SEN,2007,12.53,3.0
HTI,2007,12.58,4.0
KEN,2007,13.01,5.0
POL,2007,13.27,6.0
HRV,2007,13.38,7.0
COD,2007,13.42,4.0
ISL,2007,13.49,8.0
TKM,2007,13.6,3.0
KGZ,2007,13.75,7.0
RWA,2007,13.67,8.0
FRA,2007,13.78,10.0
CHE,2007,13.99,9.0
GNQ,2007,14.18,1.0
BEN,2007,14.34,3.0
SRB,2007,14.43,9.0
ETH,2007,14.52,5.0
AGO,2007,15.02,3.0
BEL,2007,15.08,9.0
WSM,2007,15.1,5.0
MDA,2007,15.28,11.0
MWI,2007,15.37,5.0
GNB,2007,15.46,5.0
URY,2007,15.79,7.0
BFA,2007,15.89,5.0
SOM,2007,15.85,
TCD,2007,15.91,4.0
GAB,2007,16.0,3.0
BDI,2007,16.48,9.0
COG,2007,16.59,2.0
IND,2007,16.69,4.0
LVA,2007,17.0,6.0
SVN,2007,17.02,8.0
FIN,2007,16.98,8.0
EST,2007,17.47,5.0
MNE,2007,17.57,
UGA,2007,17.68,6.0
CPV,2007,18.15,4.0
SLB,2007,18.06,7.0
HUN,2007,18.89,7.0
TGO,2007,19.05,4.0
JPN,2007,19.14,8.0
ZMB,2007,19.84,5.0
BRN,2007,2.21,2.0
PHL,2007,2.19,4.0
STP,2007,2.42,8.0
JOR,2007,2.37,8.0
GRC,2007,2.45,8.0
TUR,2007,2.6,5.0
KWT,2007,2.59,2.0
PER,2007,2.82,4.0
CYP,2007,2.82,5.0
HND,2007,2.92,8.0
LKA,2007,20.08,4.0
CIV,2007,20.26,
CMR,2007,20.4,4.0
ERI,2007,20.83,5.0
MOZ,2007,21.76,4.0
VUT,2007,21.96,3.0
MNG,2007,23.0,4.0
KOR,2007,23.24,5.0
NAM,2007,23.74,11.0
UKR,2007,26.37,6.0
FSM,2007,27.0,11.0
SUR,2007,27.01,5.0
ZWE,2007,27.23,
ZAF,2007,27.42,7.0
CAF,2007,27.7,5.0
LTU,2007,29.87,6.0
LBN,2007,2.99,9.0
IDN,2007,3.15,3.0
PNG,2007,3.33,2.0
BHS,2007,3.32,4.0
EGY,2007,3.51,4.0
DZA,2007,3.46,4.0
TUN,2007,3.57,5.0
MDV,2007,3.57,8.0
TLS,2007,3.68,6.0
BLR,2007,30.91,6.0
KIR,2007,32.84,11.0
GUY,2007,35.06,4.0
RUS,2007,36.26,5.0
KAZ,2007,37.21,3.0
BWA,2007,37.45,6.0
VEN,2007,4.04,
MMR,2007,4.23,2.0
PRY,2007,4.16,5.0
COL,2007,4.25,6.0
MEX,2007,4.3,6.0
SAU,2007,4.61,4.0
MLT,2007,4.58,8.0
ITA,2007,4.7,8.0
TON,2007,4.8,5.0
TJK,2007,4.81,6.0
AZE,2007,5.0,2.0
IRQ,2007,5.02,3.0
ARM,2007,5.02,5.0
LBY,2007,5.11,2.0
BRA,2007,5.05,8.0
SDN,2007,5.23,6.0
GEO,2007,5.18,7.0
PAN,2007,5.15,8.0
ISR,2007,5.17,7.0
MYS,2007,5.33,3.0
NIC,2007,5.4,7.0
ESP,2007,5.4,8.0
BGD,2007,5.48,2.0
CRI,2007,5.64,7.0
MRT,2007,5.71,3.0
BTN,2007,5.67,4.0
DOM,2007,5.69,4.0
IRN,2007,5.98,5.0
OMN,2007,6.52,2.0
BLZ,2007,6.69,4.0
GBR,2007,6.71,9.0
ARE,2007,6.82,3.0
KHM,2007,6.89,5.0
LSO,2007,61.27,7.0
SSD,2007,7.0,
NLD,2007,7.06,9.0
BOL,2007,7.17,5.0
VNM,2007,7.21,5.0
QAT,2007,7.15,2.0
LCA,2007,7.15,6.0
LAO,2007,7.35,3.0
AFG,2007,7.42,10.0
SYC,2007,7.55,4.0
YEM,2007,7.73,6.0
THA,2007,7.74,3.0
SWZ,2007,74.12,8.0
ALB,2007,8.05,6.0
MKD,2007,8.07,7.0
ARG,2007,8.17,8.0
VCT,2007,8.25,4.0
PRT,2007,8.33,9.0
SLV,2007,8.48,8.0
BGR,2007,8.57,6.0
MLI,2007,8.74,5.0
LBR,2007,8.73,4.0
BHR,2007,8.72,3.0
COM,2007,8.86,5.0
PRK,2007,8.93,
DEU,2007,8.94,10.0
NGA,2007,9.22,4.0
UZB,2007,9.25,5.0
BIH,2007,9.36,10.0
SGP,2007,9.37,3.0
ROU,2007,9.44,5.0
DNK,2007,9.5,9.0
AUS,2007,9.82,8.0
MAR,2007,9.86,5.0
CUB,2007,9.92,11.0
CAN,2007,9.86,9.0
ATG,2006,0.44,5.0
BRB,2006,1.33,7.0
JAM,2006,1.63,4.0
SYR,2006,1.75,4.0
NER,2006,10.09,6.0
IRL,2006,10.22,8.0
TZA,2006,10.26,8.0
ECU,2006,10.39,6.0
MDG,2006,10.61,5.0
ROU,2006,10.63,5.0
CUB,2006,10.63,8.0
TTO,2006,10.69,4.0
USA,2006,10.96,15.0
PAK,2006,11.0,3.0
GIN,2006,11.07,4.0
DNK,2006,11.2,9.0
ISL,2006,11.26,9.0
GMB,2006,11.37,5.0
CZE,2006,11.47,6.0
NOR,2006,11.65,8.0
DJI,2006,11.72,4.0
SLE,2006,11.67,9.0
CHN,2006,11.88,4.0
SWE,2006,12.08,8.0
HTI,2006,12.12,3.0
SVK,2006,12.23,7.0
GHA,2006,12.35,4.0
AUT,2006,12.49,10.0
NZL,2006,12.63,9.0
KEN,2006,12.68,5.0
LUX,2006,12.77,7.0
SEN,2006,13.03,4.0
GTM,2006,13.31,6.0
HRV,2006,13.7,7.0
URY,2006,13.79,8.0
CHE,2006,13.9,10.0
COD,2006,13.89,4.0
RWA,2006,14.31,8.0
KGZ,2006,14.38,8.0
FRA,2006,14.36,10.0
GNQ,2006,14.41,1.0
POL,2006,14.49,6.0
BEN,2006,14.57,3.0
MWI,2006,14.83,5.0
ETH,2006,14.85,4.0
SRB,2006,15.0,8.0
WSM,2006,15.25,5.0
TKM,2006,15.51,5.0
GNB,2006,15.49,5.0
TCD,2006,15.58,5.0
BFA,2006,15.94,5.0
SOM,2006,16.16,
GAB,2006,16.35,3.0
BEL,2006,16.58,9.0
EST,2006,16.82,5.0
SLB,2006,16.8,8.0
AGO,2006,17.06,3.0
IND,2006,17.14,4.0
COG,2006,17.16,2.0
BDI,2006,17.53,9.0
MDA,2006,17.51,11.0
CPV,2006,18.16,4.0
FIN,2006,18.25,8.0
LKA,2006,18.41,4.0
JPN,2006,18.44,8.0
LVA,2006,19.09,6.0
TGO,2006,19.19,3.0
MNE,2006,19.17,
HUN,2006,19.22,8.0
STP,2006,2.23,8.0
BRN,2006,2.43,2.0
PHL,2006,2.45,4.0
JOR,2006,2.56,8.0
LBN,2006,2.67,9.0
KWT,2006,2.72,2.0
TUR,2006,2.79,5.0
PER,2006,2.89,4.0
GRC,2006,2.9,8.0
UGA,2006,20.15,6.0
CIV,2006,20.47,
KOR,2006,20.78,5.0
CMR,2006,20.92,4.0
SVN,2006,20.97,8.0
ERI,2006,21.16,7.0
MOZ,2006,21.62,4.0
ZMB,2006,21.82,6.0
ZWE,2006,21.97,
VUT,2006,22.18,3.0
MNG,2006,23.37,4.0
NAM,2006,24.52,11.0
UKR,2006,25.6,6.0
ZAF,2006,26.54,7.0
SUR,2006,27.29,6.0
FSM,2006,27.37,11.0
CAF,2006,28.14,4.0
LTU,2006,29.73,6.0
HND,2006,2.97,8.0
PNG,2006,3.19,2.0
IDN,2006,3.22,3.0
CYP,2006,3.22,5.0
EGY,2006,3.56,5.0
BHS,2006,3.57,4.0
TUN,2006,3.65,5.0
DZA,2006,3.65,3.0
MDV,2006,3.77,8.0
TLS,2006,3.9,6.0
KIR,2006,31.46,12.0
BLR,2006,34.76,6.0
GUY,2006,34.96,4.0
KAZ,2006,37.23,3.0
RUS,2006,39.07,5.0
SAU,2006,4.33,4.0
VEN,2006,4.29,
COL,2006,4.3,6.0
MEX,2006,4.25,6.0
MMR,2006,4.44,2.0
LBY,2006,4.48,2.0
PRY,2006,4.6,5.0
TON,2006,4.73,5.0
TJK,2006,4.74,5.0
ITA,2006,4.68,8.0
AZE,2006,4.85,2.0
GRD,2006,4.94,5.0
BRA,2006,4.9,8.0
BWA,2006,40.94,5.0
IRQ,2006,5.15,2.0
SDN,2006,5.3,5.0
NIC,2006,5.27,6.0
GEO,2006,5.34,8.0
ARM,2006,5.36,6.0
MYS,2006,5.47,3.0
ISR,2006,5.47,7.0
BGD,2006,5.6,2.0
DOM,2006,5.61,4.0
ESP,2006,5.57,8.0
IRN,2006,5.68,5.0
MRT,2006,5.75,3.0
MLT,2006,5.83,9.0
BTN,2006,5.85,4.0
LSO,2006,55.36,6.0
PAN,2006,5.97,7.0
QAT,2006,6.12,2.0
VCT,2006,6.16,4.0
OMN,2006,6.45,2.0
KHM,2006,6.9,6.0
ARE,2006,6.92,2.0
GBR,2006,6.89,9.0
SWZ,2006,64.93,8.0
BOL,2006,7.0,5.0
VNM,2006,7.04,5.0
SLV,2006,6.99,9.0
SSD,2006,7.08,
BLZ,2006,7.19,4.0
LAO,2006,7.58,3.0
AFG,2006,7.56,11.0
LCA,2006,7.68,5.0
YEM,2006,7.82,6.0
BHR,2006,7.83,3.0
ALB,2006,7.83,6.0
PRT,2006,7.93,9.0
SYC,2006,8.11,4.0
NLD,2006,8.08,9.0
THA,2006,8.26,3.0
CRI,2006,8.43,7.0
LBR,2006,8.45,6.0
MKD,2006,8.47,7.0
ARG,2006,8.53,8.0
MLI,2006,8.65,5.0
BIH,2006,8.77,9.0
PRK,2006,8.95,
MUS,2006,8.99,4.0
COM,2006,9.06,6.0
NGA,2006,9.16,4.0
DEU,2006,9.25,10.0
BGR,2006,9.46,7.0
AUS,2006,9.53,8.0
UZB,2006,9.59,5.0
CAN,2006,9.56,9.0
NPL,2006,9.74,4.0
CHL,2006,9.72,6.0
MAR,2006,9.87,5.0
FJI,2006,9.86,3.0
SGP,2006,9.9,3.0
ATG,2005,1.32,5.0
JAM,2005,1.6,5.0
SYR,2005,1.78,4.0
BRN,2005,1.94,2.0
NPL,2005,9.98,4.0
SGP,2005,9.96,3.0
MAR,2005,10.05,4.0
NER,2005,10.12,6.0
AUS,2005,10.07,8.0
FJI,2005,10.16,3.0
UZB,2005,10.22,5.0
ROU,2005,10.2,6.0
TZA,2005,10.3,6.0
ECU,2005,10.3,6.0
GIN,2005,10.41,4.0
CAN,2005,10.58,9.0
USA,2005,10.69,15.0
MDG,2005,10.68,5.0
ISL,2005,10.81,9.0
SLE,2005,10.93,9.0
LUX,2005,10.87,7.0
PAK,2005,10.97,3.0
IRL,2005,10.98,8.0
DNK,2005,11.1,9.0
CUB,2005,11.1,9.0
NOR,2005,11.44,8.0
GMB,2005,11.44,5.0
SVK,2005,11.56,7.0
DJI,2005,12.02,4.0
HTI,2005,11.99,3.0
TTO,2005,12.05,4.0
GHA,2005,12.16,4.0
NZL,2005,12.52,8.0
CZE,2005,12.61,6.0
SWE,2005,12.69,8.0
CHN,2005,12.83,4.0
KEN,2005,12.92,4.0
URY,2005,13.26,8.0
AUT,2005,13.28,10.0
SEN,2005,13.26,4.0
CHE,2005,14.06,10.0
GNQ,2005,14.11,1.0
COD,2005,14.06,4.0
GTM,2005,14.16,6.0
MWI,2005,14.32,4.0
KGZ,2005,14.55,7.0
BEN,2005,14.69,3.0
FRA,2005,14.82,10.0
HRV,2005,15.03,7.0
RWA,2005,14.97,8.0
POL,2005,15.22,6.0
ETH,2005,15.34,4.0
WSM,2005,15.26,5.0
SRB,2005,15.64,8.0
GNB,2005,15.61,5.0
TCD,2005,15.64,5.0
GAB,2005,15.66,3.0
TKM,2005,15.81,6.0
BFA,2005,15.87,4.0
AGO,2005,16.26,3.0
SOM,2005,16.61,
BEL,2005,16.74,9.0
SLB,2005,16.79,9.0
FIN,2005,16.88,8.0
IND,2005,17.01,4.0
MDA,2005,17.06,10.0
COG,2005,17.36,2.0
BDI,2005,17.94,8.0
CPV,2005,18.49,4.0
MNE,2005,18.72,
TGO,2005,18.75,3.0
JPN,2005,18.81,8.0
EST,2005,19.05,5.0
STP,2005,2.12,12.0
BRB,2005,2.17,7.0
CYP,2005,2.34,5.0
PHL,2005,2.36,4.0
KWT,2005,2.7,2.0
JOR,2005,2.75,8.0
LBN,2005,2.89,8.0
GRC,2005,2.87,9.0
CIV,2005,20.35,
HUN,2005,20.48,8.0
CMR,2005,20.56,4.0
SVN,2005,20.64,8.0
UGA,2005,20.84,6.0
ERI,2005,20.95,7.0
VUT,2005,21.42,3.0
MOZ,2005,21.43,4.0
ZWE,2005,21.97,
ZMB,2005,22.13,6.0
LVA,2005,22.07,6.0
MNG,2005,23.91,4.0
KOR,2005,23.97,5.0
NAM,2005,24.69,10.0
SUR,2005,26.99,5.0
CAF,2005,27.24,4.0
ZAF,2005,27.46,7.0
FSM,2005,27.65,18.0
UKR,2005,28.27,6.0
LKA,2005,28.58,4.0
HND,2005,2.98,8.0
PER,2005,2.96,5.0
TUR,2005,2.96,5.0
PNG,2005,3.19,2.0
BHS,2005,3.15,4.0
GRD,2005,3.22,5.0
IDN,2005,3.33,3.0
EGY,2005,3.59,5.0
TUN,2005,3.69,5.0
DZA,2005,3.82,3.0
MDV,2005,3.83,9.0
ARM,2005,3.81,6.0
KIR,2005,32.52,12.0
GUY,2005,35.58,4.0
LTU,2005,36.88,6.0
BLR,2005,37.25,6.0
KAZ,2005,38.59,4.0
SAU,2005,4.11,3.0
TLS,2005,4.31,5.0
COL,2005,4.33,6.0
MLT,2005,4.37,9.0
MEX,2005,4.35,6.0
MMR,2005,4.49,2.0
LBY,2005,4.58,3.0
PRY,2005,4.61,5.0
AZE,2005,4.69,2.0
TJK,2005,4.71,5.0
TON,2005,4.79,4.0
VEN,2005,4.77,
ITA,2005,4.81,8.0
BWA,2005,43.43,5.0
RUS,2005,43.56,5.0
LSO,2005,46.74,5.0
BRA,2005,4.96,8.0
IRQ,2005,5.13,3.0
PAN,2005,5.31,6.0
SDN,2005,5.39,4.0
GEO,2005,5.45,8.0
BGD,2005,5.57,2.0
DOM,2005,5.59,4.0
MRT,2005,5.73,3.0
MYS,2005,5.65,3.0
BTN,2005,5.99,4.0
IRN,2005,5.97,5.0
ESP,2005,5.97,8.0
NIC,2005,6.07,6.0
OMN,2005,6.16,2.0
QAT,2005,6.27,3.0
ISR,2005,6.62,7.0
CRI,2005,6.69,7.0
KHM,2005,6.81,7.0
ARE,2005,6.76,2.0
VNM,2005,6.94,4.0
GBR,2005,6.94,8.0
SWZ,2005,60.09,7.0
SSD,2005,7.1,
BLZ,2005,7.09,3.0
BOL,2005,7.41,5.0
LCA,2005,7.41,5.0
AFG,2005,7.64,10.0
LAO,2005,7.74,3.0
ALB,2005,7.68,6.0
MKD,2005,7.65,8.0
PRT,2005,7.91,10.0
YEM,2005,7.97,5.0
SLV,2005,8.2,9.0
LBR,2005,8.28,7.0
NLD,2005,8.26,9.0
SYC,2005,8.43,5.0
THA,2005,8.52,3.0
ARG,2005,8.54,8.0
MUS,2005,8.65,4.0
MLI,2005,8.75,5.0
PRK,2005,9.04,
BIH,2005,8.95,9.0
COM,2005,9.1,6.0
NGA,2005,9.21,4.0
CHL,2005,9.49,7.0
BHR,2005,9.62,3.0
BGR,2005,9.56,7.0
VCT,2005,9.76,4.0
DEU,2005,9.81,10.0
CYP,2004,0.82,5.0
BRB,2004,0.96,7.0
JAM,2004,1.72,5.0
BRN,2004,1.78,3.0
SYR,2004,1.8,4.0
FJI,2004,10.04,3.0
CHL,2004,10.01,7.0
MAR,2004,10.21,4.0
SGP,2004,10.34,3.0
CAN,2004,10.27,9.0
GIN,2004,10.44,5.0
DEU,2004,10.38,10.0
BGR,2004,10.52,7.0
USA,2004,10.79,15.0
ROU,2004,10.77,5.0
MDG,2004,10.95,5.0
TZA,2004,10.87,6.0
SLE,2004,10.96,9.0
DNK,2004,11.11,9.0
IRL,2004,11.07,7.0
PAK,2004,11.21,2.0
ISL,2004,11.48,9.0
GMB,2004,11.63,5.0
NOR,2004,11.74,9.0
HTI,2004,11.66,3.0
SWE,2004,11.94,8.0
GHA,2004,11.91,3.0
SVK,2004,11.86,6.0
CUB,2004,12.02,7.0
DJI,2004,12.12,4.0
NZL,2004,12.17,8.0
KEN,2004,12.22,4.0
TTO,2004,12.58,4.0
CZE,2004,13.12,6.0
CHN,2004,13.39,4.0
SEN,2004,13.44,5.0
AUT,2004,13.63,10.0
CHE,2004,13.65,10.0
GTM,2004,13.94,6.0
URY,2004,13.87,8.0
KGZ,2004,14.21,6.0
COD,2004,14.23,4.0
GNQ,2004,14.62,1.0
BEN,2004,14.85,3.0
MWI,2004,15.04,4.0
HRV,2004,15.1,7.0
WSM,2004,15.14,5.0
TKM,2004,15.19,6.0
POL,2004,15.25,6.0
GAB,2004,15.21,3.0
FRA,2004,15.29,10.0
TCD,2004,15.65,6.0
BFA,2004,15.82,4.0
ETH,2004,15.79,4.0
GNB,2004,16.2,4.0
RWA,2004,16.2,8.0
SLB,2004,16.46,8.0
MDA,2004,16.57,9.0
SRB,2004,16.69,8.0
BEL,2004,16.67,9.0
IND,2004,16.82,4.0
SOM,2004,16.83,
AGO,2004,17.19,4.0
COG,2004,18.25,2.0
CPV,2004,18.28,4.0
MNE,2004,18.45,
JPN,2004,18.42,8.0
BDI,2004,18.55,7.0
TGO,2004,18.69,3.0
FIN,2004,18.86,8.0
CMR,2004,19.37,4.0
ATG,2004,1.95,5.0
STP,2004,2.16,12.0
PHL,2004,2.2,3.0
GRC,2004,2.48,8.0
KWT,2004,2.74,2.0
LBN,2004,2.88,8.0
UGA,2004,20.52,5.0
ERI,2004,20.88,7.0
MOZ,2004,21.12,4.0
CIV,2004,21.21,
ZWE,2004,21.47,
HUN,2004,21.6,8.0
VUT,2004,21.94,4.0
LKA,2004,22.08,4.0
LVA,2004,22.05,6.0
SVN,2004,22.29,8.0
ZMB,2004,22.47,5.0
KOR,2004,23.08,4.0
EST,2004,23.15,5.0
NAM,2004,23.38,10.0
MNG,2004,23.92,4.0
SUR,2004,26.63,5.0
FSM,2004,27.11,12.0
ZAF,2004,27.91,7.0
CAF,2004,28.05,4.0
UKR,2004,28.37,6.0
HND,2004,2.97,7.0
JOR,2004,2.99,9.0
PER,2004,3.06,4.0
PNG,2004,3.17,3.0
TUR,2004,3.16,5.0
BHS,2004,3.34,4.0
IDN,2004,3.47,2.0
ARM,2004,3.64,6.0
EGY,2004,3.66,5.0
TUN,2004,3.78,5.0
MDV,2004,3.83,7.0
SAU,2004,3.91,4.0
KIR,2004,31.99,12.0
BLR,2004,36.05,6.0
GUY,2004,37.31,3.0
LTU,2004,38.08,6.0
KAZ,2004,39.28,4.0
DZA,2004,3.97,4.0
MEX,2004,4.26,6.0
TLS,2004,4.38,4.0
AZE,2004,4.5,3.0
MMR,2004,4.63,2.0
PRY,2004,4.64,5.0
TJK,2004,4.55,5.0
LBY,2004,4.67,3.0
COL,2004,4.7,6.0
BRA,2004,4.73,8.0
ALB,2004,4.86,6.0
MLT,2004,4.85,8.0
GRD,2004,4.89,5.0
BWA,2004,40.94,6.0
RUS,2004,43.92,5.0
LSO,2004,47.06,6.0
TON,2004,5.01,5.0
VEN,2004,5.06,
ITA,2004,5.14,8.0
IRQ,2004,5.16,4.0
SDN,2004,5.29,4.0
DOM,2004,5.32,4.0
BGD,2004,5.56,2.0
MYS,2004,5.81,3.0
VCT,2004,5.76,4.0
SWZ,2004,57.92,7.0
MRT,2004,6.01,4.0
BTN,2004,6.12,5.0
OMN,2004,6.12,3.0
PAN,2004,6.07,7.0
ISR,2004,6.12,7.0
NIC,2004,6.43,6.0
GEO,2004,6.4,8.0
ESP,2004,6.42,8.0
IRN,2004,6.45,5.0
KHM,2004,6.6,7.0
QAT,2004,6.63,3.0
ARE,2004,6.78,2.0
VNM,2004,7.01,4.0
SSD,2004,7.23,
GBR,2004,7.23,8.0
LCA,2004,7.26,5.0
SLV,2004,7.34,8.0
BOL,2004,7.53,5.0
PRT,2004,7.45,10.0
LAO,2004,7.8,4.0
AFG,2004,7.77,10.0
MUS,2004,7.95,3.0
YEM,2004,8.12,6.0
NLD,2004,8.13,9.0
BIH,2004,8.4,9.0
CRI,2004,8.37,7.0
LBR,2004,8.48,6.0
MLI,2004,8.57,5.0
ARG,2004,8.68,7.0
BLZ,2004,8.84,3.0
PRK,2004,9.23,
AUS,2004,9.21,8.0
COM,2004,9.33,7.0
NGA,2004,9.25,5.0
SYC,2004,9.33,5.0
ECU,2004,9.43,6.0
MKD,2004,9.43,8.0
NER,2004,9.83,5.0
NPL,2004,9.83,4.0
BHR,2004,9.78,3.0
LUX,2004,9.81,7.0
UZB,2004,9.81,5.0
THA,2004,9.89,3.0
BRB,2003,0.8,7.0
ATG,2003,1.44,6.0
BRN,2003,1.57,3.0
SYR,2003,1.8,5.0
JAM,2003,1.87,4.0
NER,2003,10.02,5.0
NPL,2003,9.95,4.0
GIN,2003,10.23,5.0
THA,2003,10.15,3.0
MAR,2003,10.34,4.0
DNK,2003,10.31,9.0
UZB,2003,10.39,5.0
FJI,2003,10.48,3.0
USA,2003,10.57,15.0
DEU,2003,10.79,10.0
CAN,2003,10.89,9.0
NOR,2003,10.96,9.0
SLE,2003,11.0,8.0
MDG,2003,10.98,5.0
SGP,2003,11.07,4.0
BGR,2003,11.18,7.0
PAK,2003,11.28,2.0
IRL,2003,11.26,7.0
GHA,2003,11.44,3.0
GMB,2003,11.52,5.0
ROU,2003,11.57,5.0
SWE,2003,11.68,8.0
TZA,2003,11.89,5.0
CUB,2003,11.98,7.0
HTI,2003,12.01,4.0
ISL,2003,12.01,10.0
DJI,2003,12.06,4.0
LUX,2003,12.85,7.0
TTO,2003,12.9,4.0
CHN,2003,13.0,4.0
NZL,2003,12.95,8.0
SVK,2003,13.01,5.0
KEN,2003,13.2,4.0
SEN,2003,13.61,4.0
CZE,2003,13.69,7.0
CHE,2003,13.84,10.0
GTM,2003,13.86,6.0
URY,2003,14.16,10.0
AUT,2003,14.25,10.0
COD,2003,14.4,4.0
BEN,2003,14.81,3.0
POL,2003,14.91,6.0
HRV,2003,15.13,6.0
KGZ,2003,15.16,6.0
TKM,2003,15.31,5.0
GNQ,2003,15.31,2.0
WSM,2003,15.59,4.0
MWI,2003,15.67,3.0
FRA,2003,15.75,10.0
BFA,2003,15.78,3.0
TCD,2003,15.95,6.0
ETH,2003,16.34,5.0
GNB,2003,16.28,4.0
SOM,2003,16.64,
GAB,2003,16.6,4.0
SRB,2003,17.05,8.0
MDA,2003,17.13,7.0
IND,2003,17.25,4.0
AGO,2003,17.47,4.0
SLB,2003,17.58,7.0
BEL,2003,17.89,9.0
CPV,2003,18.11,5.0
MNE,2003,18.34,
COG,2003,18.41,2.0
RWA,2003,18.36,7.0
TGO,2003,18.57,3.0
FIN,2003,18.92,8.0
BDI,2003,19.38,5.0
CMR,2003,19.49,4.0
JPN,2003,19.52,7.0
STP,2003,1.99,13.0
CYP,2003,2.06,6.0
PHL,2003,2.27,3.0
BHS,2003,2.51,4.0
ARM,2003,2.49,7.0
GRD,2003,2.57,5.0
KWT,2003,2.69,3.0
GRC,2003,2.7,8.0
LBN,2003,2.86,9.0
ZWE,2003,20.23,
UGA,2003,20.38,4.0
ERI,2003,20.74,7.0
MOZ,2003,20.88,3.0
LKA,2003,21.2,4.0
ZMB,2003,21.51,6.0
CIV,2003,21.73,
HUN,2003,21.79,8.0
KOR,2003,22.27,4.0
EST,2003,22.32,5.0
VUT,2003,22.47,4.0
SVN,2003,23.11,8.0
MNG,2003,23.84,4.0
LVA,2003,24.46,5.0
NAM,2003,25.46,10.0
FSM,2003,26.3,10.0
SUR,2003,27.36,5.0
ZAF,2003,28.67,7.0
UKR,2003,28.96,7.0
CAF,2003,29.06,4.0
HND,2003,3.04,7.0
PNG,2003,3.11,2.0
JOR,2003,3.13,9.0
PER,2003,3.24,5.0
TUR,2003,3.3,5.0
IDN,2003,3.55,2.0
EGY,2003,3.71,5.0
PRY,2003,3.71,5.0
TUN,2003,3.85,5.0
KIR,2003,32.47,11.0
BLR,2003,37.09,6.0
GUY,2003,38.13,3.0
KAZ,2003,39.05,4.0
AZE,2003,4.04,3.0
SAU,2003,4.02,4.0
DZA,2003,4.12,4.0
MEX,2003,4.27,6.0
MLT,2003,4.48,8.0
MDV,2003,4.55,7.0
TJK,2003,4.55,5.0
TLS,2003,4.73,3.0
MMR,2003,4.67,2.0
BRA,2003,4.69,8.0
COL,2003,4.81,6.0
ALB,2003,4.94,6.0
LTU,2003,40.19,6.0
BWA,2003,40.34,6.0
RUS,2003,45.35,5.0
LSO,2003,45.68,6.0
TON,2003,5.08,3.0
IRQ,2003,5.21,3.0
LBY,2003,5.34,4.0
DOM,2003,5.33,4.0
ITA,2003,5.27,8.0
SDN,2003,5.35,4.0
VEN,2003,5.6,
GEO,2003,5.69,8.0
BGD,2003,5.81,2.0
MRT,2003,5.93,4.0
MYS,2003,5.91,3.0
SWZ,2003,55.43,6.0
PAN,2003,6.32,7.0
BTN,2003,6.35,4.0
OMN,2003,6.43,3.0
VCT,2003,6.42,4.0
ISR,2003,6.4,7.0
ESP,2003,6.42,8.0
KHM,2003,6.46,7.0
NIC,2003,6.65,6.0
ARE,2003,6.8,3.0
IRN,2003,6.75,5.0
QAT,2003,6.88,4.0
VNM,2003,6.95,4.0
GBR,2003,7.03,8.0
SLV,2003,7.22,8.0
SSD,2003,7.26,
MUS,2003,7.64,3.0
BOL,2003,7.72,5.0
AFG,2003,7.72,9.0
LCA,2003,7.7,5.0
LAO,2003,7.97,4.0
NLD,2003,8.01,9.0
YEM,2003,8.09,6.0
CRI,2003,8.14,7.0
BLZ,2003,8.17,4.0
LBR,2003,8.27,3.0
MKD,2003,8.27,9.0
BIH,2003,8.45,8.0
MLI,2003,8.55,5.0
PRT,2003,8.7,9.0
ECU,2003,8.89,5.0
SYC,2003,9.13,5.0
NGA,2003,9.16,5.0
PRK,2003,9.43,
AUS,2003,9.61,8.0
ARG,2003,9.66,7.0
CHL,2003,9.69,7.0
COM,2003,9.84,7.0
BHR,2003,9.93,4.0
BRB,2002,0.29,6.0
ATG,2002,1.25,5.0
BRN,2002,1.5,3.0
SYR,2002,1.9,5.0
GIN,2002,10.12,5.0
NPL,2002,10.14,4.0
COM,2002,10.22,7.0
ARG,2002,10.28,7.0
MAR,2002,10.38,4.0
THA,2002,10.45,3.0
AUS,2002,10.38,8.0
CAN,2002,10.53,9.0
USA,2002,10.63,14.0
SLE,2002,10.74,9.0
MDG,2002,10.78,5.0
NOR,2002,11.01,9.0
GHA,2002,10.96,3.0
FJI,2002,10.96,3.0
MUS,2002,10.97,3.0
DEU,2002,11.0,10.0
DNK,2002,11.18,9.0
PAK,2002,11.26,3.0
SGP,2002,11.27,3.0
UZB,2002,11.3,5.0
IRL,2002,11.53,7.0
GMB,2002,11.48,6.0
ISL,2002,11.75,9.0
DJI,2002,11.96,4.0
HTI,2002,12.09,3.0
NZL,2002,12.16,8.0
ROU,2002,12.32,5.0
CZE,2002,12.37,6.0
CHN,2002,12.52,4.0
SWE,2002,12.62,8.0
SVK,2002,12.74,6.0
TZA,2002,12.79,5.0
CUB,2002,12.91,7.0
BGR,2002,12.97,7.0
LUX,2002,13.22,7.0
GTM,2002,13.67,6.0
SEN,2002,13.73,4.0
KEN,2002,13.91,4.0
COD,2002,14.22,3.0
TTO,2002,14.85,5.0
HRV,2002,14.9,6.0
BEN,2002,14.86,3.0
AUT,2002,15.11,9.0
TKM,2002,15.16,4.0
POL,2002,15.24,6.0
FRA,2002,15.59,10.0
TCD,2002,15.78,7.0
WSM,2002,15.8,4.0
GNQ,2002,15.81,3.0
BFA,2002,15.91,3.0
CHE,2002,15.98,10.0
KGZ,2002,16.19,5.0
MWI,2002,16.54,3.0
MDA,2002,16.59,7.0
SOM,2002,16.57,
GNB,2002,16.74,4.0
GAB,2002,16.85,3.0
ETH,2002,16.93,5.0
BEL,2002,17.12,8.0
AGO,2002,17.24,3.0
SLB,2002,17.21,10.0
KOR,2002,17.81,4.0
MNE,2002,17.81,
SRB,2002,17.85,8.0
URY,2002,17.9,10.0
JPN,2002,17.88,7.0
TGO,2002,18.08,3.0
CPV,2002,18.13,5.0
IND,2002,18.16,4.0
CMR,2002,19.23,4.0
FIN,2002,19.18,8.0
COG,2002,19.77,2.0
CYP,2002,2.03,6.0
JAM,2002,1.95,5.0
PHL,2002,2.11,3.0
GRC,2002,2.29,8.0
STP,2002,2.4,11.0
BHS,2002,2.44,4.0
LBN,2002,2.88,9.0
KWT,2002,2.9,3.0
ZWE,2002,20.34,
UGA,2002,20.48,5.0
BDI,2002,20.51,5.0
RWA,2002,20.73,3.0
MOZ,2002,20.83,3.0
LKA,2002,21.46,4.0
ERI,2002,22.07,7.0
CIV,2002,22.07,
ZMB,2002,22.32,6.0
VUT,2002,22.85,4.0
HUN,2002,22.79,7.0
MNG,2002,22.89,5.0
SVN,2002,22.94,8.0
EST,2002,25.76,5.0
FSM,2002,26.28,8.0
NAM,2002,26.29,10.0
LVA,2002,27.12,6.0
SUR,2002,27.68,5.0
ZAF,2002,28.02,7.0
PNG,2002,2.98,3.0
HND,2002,3.02,6.0
ARM,2002,3.1,8.0
PER,2002,3.17,5.0
JOR,2002,3.2,9.0
TUR,2002,3.43,5.0
GRD,2002,3.42,6.0
IDN,2002,3.64,2.0
EGY,2002,3.74,6.0
PRY,2002,3.75,5.0
TUN,2002,3.88,5.0
AZE,2002,3.88,3.0
SAU,2002,3.93,4.0
CAF,2002,30.43,4.0
UKR,2002,30.55,6.0
KIR,2002,34.5,12.0
KAZ,2002,38.31,4.0
BLR,2002,38.72,6.0
GUY,2002,39.77,3.0
MEX,2002,4.15,5.0
DZA,2002,4.43,4.0
TLS,2002,4.64,
TJK,2002,4.63,4.0
MDV,2002,4.69,9.0
MMR,2002,4.78,3.0
ALB,2002,4.82,6.0
BRA,2002,4.77,9.0
DOM,2002,4.9,5.0
MLT,2002,4.89,8.0
COL,2002,4.88,6.0
BWA,2002,42.19,7.0
LTU,2002,42.26,6.0
LSO,2002,42.55,7.0
RUS,2002,46.11,6.0
TON,2002,5.0,4.0
IRQ,2002,5.18,
ITA,2002,5.41,8.0
SDN,2002,5.45,3.0
LBY,2002,5.48,5.0
MYS,2002,5.77,3.0
ISR,2002,5.83,7.0
NIC,2002,5.85,6.0
SLV,2002,5.92,8.0
PAN,2002,5.88,7.0
SWZ,2002,51.14,6.0
MRT,2002,6.1,4.0
BGD,2002,6.1,2.0
VEN,2002,6.18,
OMN,2002,6.29,3.0
ESP,2002,6.31,7.0
BTN,2002,6.46,5.0
KHM,2002,6.58,7.0
VNM,2002,6.98,4.0
VCT,2002,7.07,4.0
SSD,2002,7.26,
GEO,2002,7.34,8.0
CRI,2002,7.25,7.0
IRN,2002,7.33,5.0
ARE,2002,7.36,3.0
QAT,2002,7.37,2.0
LCA,2002,7.4,5.0
GBR,2002,7.48,8.0
AFG,2002,7.85,9.0
BOL,2002,7.93,5.0
BLZ,2002,8.09,4.0
YEM,2002,8.21,5.0
LAO,2002,8.22,4.0
LBR,2002,8.35,2.0
ECU,2002,8.36,4.0
NLD,2002,8.39,9.0
BIH,2002,8.53,7.0
MLI,2002,8.65,5.0
SYC,2002,8.84,4.0
MKD,2002,9.0,9.0
NGA,2002,9.21,2.0
BHR,2002,9.19,4.0
PRT,2002,9.32,9.0
NER,2002,9.72,5.0
CHL,2002,9.68,7.0
PRK,2002,9.84,
GRD,2001,0.37,6.0
BRN,2001,1.29,3.0
BRB,2001,1.52,6.0
ATG,2001,1.88,5.0
SYR,2001,1.91,5.0
PHL,2001,1.87,3.0
USA,2001,10.33,13.0
ARG,2001,10.31,8.0
NPL,2001,10.39,4.0
CHL,2001,10.38,7.0
SLE,2001,10.46,8.0
THA,2001,10.45,3.0
GHA,2001,10.46,3.0
COM,2001,10.63,7.0
MDG,2001,10.56,4.0
SGP,2001,10.57,3.0
MAR,2001,10.75,4.0
ROU,2001,10.76,4.0
CAN,2001,10.86,9.0
DEU,2001,11.12,10.0
AUS,2001,11.19,8.0
PAK,2001,11.2,3.0
GMB,2001,11.33,6.0
FJI,2001,11.36,3.0
UZB,2001,11.73,5.0
DJI,2001,11.71,3.0
MKD,2001,11.87,8.0
DNK,2001,12.35,8.0
SVK,2001,12.34,5.0
HTI,2001,12.36,4.0
ISL,2001,12.44,9.0
IRL,2001,12.47,6.0
SWE,2001,12.76,8.0
BGR,2001,13.16,7.0
URY,2001,13.23,10.0
CZE,2001,13.23,6.0
NOR,2001,13.17,8.0
CHN,2001,13.34,4.0
LUX,2001,13.52,6.0
NZL,2001,13.52,8.0
CUB,2001,13.72,7.0
SEN,2001,13.93,4.0
GTM,2001,14.09,6.0
TZA,2001,14.21,4.0
COD,2001,14.37,3.0
KEN,2001,14.69,4.0
TKM,2001,14.69,5.0
AUT,2001,14.69,9.0
KOR,2001,14.78,4.0
BEN,2001,14.83,3.0
CHE,2001,15.03,9.0
HRV,2001,15.33,7.0
POL,2001,15.29,6.0
FRA,2001,15.37,10.0
TCD,2001,15.78,5.0
TTO,2001,16.05,4.0
WSM,2001,16.17,4.0
BFA,2001,16.38,3.0
KGZ,2001,16.4,4.0
SOM,2001,16.52,
SLB,2001,17.05,7.0
GNB,2001,17.16,5.0
AGO,2001,17.46,4.0
ETH,2001,17.51,5.0
JPN,2001,17.46,7.0
GNQ,2001,17.63,1.0
TGO,2001,17.74,3.0
MNE,2001,17.69,
MDA,2001,17.68,6.0
SRB,2001,17.77,6.0
MWI,2001,17.92,2.0
CPV,2001,18.03,5.0
GAB,2001,18.31,3.0
BEL,2001,18.45,8.0
IND,2001,18.68,4.0
CMR,2001,19.43,4.0
ZWE,2001,19.53,
CYP,2001,1.98,5.0
JAM,2001,2.01,5.0
STP,2001,2.37,11.0
GRC,2001,2.52,8.0
BHS,2001,2.73,4.0
KWT,2001,2.73,3.0
LBN,2001,2.91,11.0
MOZ,2001,20.79,3.0
UGA,2001,21.06,5.0
FIN,2001,21.19,7.0
BDI,2001,21.64,6.0
COG,2001,21.87,2.0
LKA,2001,22.38,4.0
ERI,2001,22.48,6.0
ZMB,2001,22.69,5.0
VUT,2001,22.78,3.0
RWA,2001,22.95,3.0
CIV,2001,22.93,
MNG,2001,23.71,5.0
HUN,2001,23.76,7.0
SVN,2001,24.62,8.0
EST,2001,26.14,5.0
NAM,2001,26.74,10.0
ZAF,2001,26.92,7.0
FSM,2001,27.26,8.0
SUR,2001,27.55,4.0
LVA,2001,27.51,6.0
PNG,2001,3.03,2.0
HND,2001,2.99,6.0
ARM,2001,3.07,5.0
PER,2001,3.18,5.0
JOR,2001,3.37,10.0
PRY,2001,3.48,6.0
AZE,2001,3.72,3.0
IDN,2001,3.71,2.0
EGY,2001,3.75,5.0
TUN,2001,3.89,5.0
TUR,2001,3.87,5.0
SAU,2001,3.86,4.0
CAF,2001,30.74,4.0
UKR,2001,31.21,6.0
KIR,2001,35.26,12.0
BLR,2001,38.33,6.0
KAZ,2001,39.37,3.0
GUY,2001,39.86,3.0
MEX,2001,4.16,5.0
DZA,2001,4.58,4.0
ALB,2001,4.74,6.0
DOM,2001,4.75,5.0
TJK,2001,4.83,5.0
TLS,2001,4.94,
MMR,2001,4.86,2.0
BRA,2001,4.88,9.0
LSO,2001,40.41,7.0
LTU,2001,42.1,6.0
BWA,2001,44.68,6.0
SWZ,2001,45.08,5.0
RUS,2001,47.09,5.0
MDV,2001,5.08,8.0
TON,2001,5.1,3.0
IRQ,2001,5.19,
COL,2001,5.23,6.0
SDN,2001,5.44,3.0
LBY,2001,5.4,4.0
ITA,2001,5.37,8.0
CRI,2001,5.57,6.0
MYS,2001,5.83,3.0
VCT,2001,5.92,4.0
GEO,2001,6.1,7.0
ESP,2001,6.09,7.0
NIC,2001,6.21,5.0
PAN,2001,6.16,7.0
MRT,2001,6.25,4.0
ISR,2001,6.31,7.0
BGD,2001,6.45,2.0
MLT,2001,6.49,7.0
VEN,2001,6.52,
PRT,2001,6.54,9.0
OMN,2001,6.65,3.0
BTN,2001,6.82,5.0
KHM,2001,6.76,7.0
VNM,2001,7.09,5.0
ECU,2001,7.3,4.0
SSD,2001,7.44,
SLV,2001,7.42,8.0
GBR,2001,7.5,7.0
QAT,2001,7.6,2.0
IRN,2001,7.69,5.0
AFG,2001,7.89,
ARE,2001,7.89,2.0
NLD,2001,8.01,8.0
BOL,2001,8.05,5.0
LCA,2001,8.08,5.0
BLZ,2001,8.19,3.0
YEM,2001,8.41,5.0
LBR,2001,8.35,2.0
BIH,2001,8.35,8.0
LAO,2001,8.58,4.0
MLI,2001,8.68,5.0
BHR,2001,8.9,3.0
NGA,2001,9.34,3.0
SYC,2001,9.61,5.0
NER,2001,9.78,5.0
GIN,2001,9.78,5.0
MUS,2001,9.84,3.0
PRK,2001,9.93,
BRN,2000,1.72,3.0
CYP,2000,1.92,5.0
BLZ,2000,10.01,3.0
USA,2000,10.02,12.0
SLE,2000,10.13,8.0
PRK,2000,10.29,
CHL,2000,10.52,7.0
CAN,2000,10.71,8.0
MAR,2000,10.85,4.0
MDG,2000,10.75,4.0
COM,2000,10.87,8.0
NPL,2000,10.87,3.0
PAK,2000,11.1,3.0
GMB,2000,11.14,7.0
DEU,2000,11.16,10.0
ROU,2000,11.33,4.0
SGP,2000,11.42,3.0
MUS,2000,11.47,3.0
THA,2000,11.59,3.0
FJI,2000,11.69,3.0
AUS,2000,11.85,8.0
UZB,2000,12.05,5.0
IRL,2000,12.05,6.0
DJI,2000,12.06,3.0
SWE,2000,12.21,7.0
NZL,2000,12.37,7.0
DNK,2000,12.5,8.0
SVK,2000,12.63,5.0
ISL,2000,12.68,9.0
HTI,2000,12.72,4.0
NOR,2000,13.02,8.0
LUX,2000,13.45,6.0
CZE,2000,13.42,6.0
GTM,2000,13.48,5.0
TKM,2000,13.85,4.0
KOR,2000,13.9,4.0
BGR,2000,14.05,6.0
SEN,2000,14.44,4.0
URY,2000,14.5,9.0
COD,2000,14.5,1.0
BEN,2000,14.72,3.0
CHN,2000,14.85,5.0
POL,2000,15.31,5.0
TZA,2000,15.56,3.0
CUB,2000,15.63,7.0
TCD,2000,15.71,5.0
KEN,2000,15.81,4.0
AUT,2000,15.82,9.0
FRA,2000,15.81,10.0
CHE,2000,15.89,9.0
TTO,2000,16.19,4.0
MDA,2000,16.32,6.0
HRV,2000,16.3,8.0
WSM,2000,16.26,4.0
SOM,2000,16.78,
BFA,2000,16.93,3.0
TGO,2000,17.28,3.0
SLB,2000,17.37,5.0
GNB,2000,17.54,4.0
AGO,2000,17.56,2.0
KGZ,2000,17.6,4.0
JPN,2000,18.08,7.0
CPV,2000,18.18,4.0
BEL,2000,18.3,8.0
ETH,2000,18.39,4.0
MNE,2000,18.94,
SRB,2000,18.91,6.0
CMR,2000,19.12,4.0
IND,2000,19.09,4.0
MWI,2000,19.22,2.0
GAB,2000,19.36,3.0
GNQ,2000,19.35,1.0
ATG,2000,2.01,5.0
SYR,2000,2.01,5.0
JAM,2000,2.05,6.0
GRD,2000,2.12,5.0
STP,2000,2.24,11.0
PHL,2000,2.26,3.0
BHS,2000,2.53,4.0
BRB,2000,2.6,5.0
PNG,2000,2.83,2.0
GRC,2000,2.86,7.0
ZWE,2000,19.98,
MOZ,2000,20.91,2.0
UGA,2000,21.65,5.0
FIN,2000,21.74,7.0
VUT,2000,23.22,3.0
ERI,2000,23.41,6.0
BDI,2000,23.43,4.0
MNG,2000,23.63,6.0
CIV,2000,23.99,
ZMB,2000,24.03,4.0
COG,2000,24.75,2.0
SUR,2000,24.96,6.0
EST,2000,24.98,5.0
RWA,2000,25.56,4.0
SVN,2000,25.64,8.0
ZAF,2000,26.56,7.0
HUN,2000,26.62,7.0
LKA,2000,27.43,4.0
NAM,2000,27.49,9.0
FSM,2000,27.98,8.0
LVA,2000,29.63,5.0
LBN,2000,2.99,11.0
HND,2000,3.01,6.0
KWT,2000,3.1,2.0
ARM,2000,3.28,4.0
PER,2000,3.43,4.0
AZE,2000,3.42,3.0
JOR,2000,3.5,9.0
EGY,2000,3.62,5.0
PRY,2000,3.64,6.0
SAU,2000,3.84,4.0
IDN,2000,3.79,2.0
TUN,2000,3.9,5.0
MEX,2000,3.86,4.0
CAF,2000,32.5,4.0
UKR,2000,33.48,5.0
KIR,2000,35.64,9.0
GUY,2000,35.75,3.0
BLR,2000,37.26,5.0
KAZ,2000,39.43,4.0
TUR,2000,4.21,5.0
BRA,2000,4.47,8.0
DZA,2000,4.68,3.0
TLS,2000,4.88,
DOM,2000,4.9,5.0
SWZ,2000,40.57,5.0
LSO,2000,42.6,6.0
LTU,2000,45.75,6.0
BWA,2000,46.25,6.0
RUS,2000,48.89,5.0
MMR,2000,5.14,2.0
TON,2000,5.13,3.0
TJK,2000,5.08,4.0
ALB,2000,5.23,6.0
LBY,2000,5.3,3.0
IRQ,2000,5.25,
MDV,2000,5.3,8.0
COL,2000,5.3,6.0
PRT,2000,5.45,9.0
ITA,2000,5.53,8.0
SDN,2000,5.56,4.0
PAN,2000,5.9,7.0
MLT,2000,6.01,7.0
MYS,2000,6.1,3.0
NIC,2000,6.28,5.0
MRT,2000,6.39,3.0
VEN,2000,6.35,
VCT,2000,6.45,4.0
GEO,2000,6.6,7.0
ESP,2000,6.56,7.0
OMN,2000,6.71,3.0
SLV,2000,6.73,8.0
KHM,2000,6.84,7.0
ECU,2000,6.84,3.0
ISR,2000,6.76,7.0
BTN,2000,6.91,4.0
BGD,2000,6.87,2.0
CRI,2000,6.85,7.0
BHR,2000,7.04,3.0
VNM,2000,7.17,4.0
QAT,2000,7.62,2.0
AFG,2000,7.71,
GBR,2000,7.74,7.0
SSD,2000,7.89,
ARE,2000,8.01,2.0
IRN,2000,8.04,5.0
BIH,2000,8.13,8.0
LCA,2000,8.08,5.0
NLD,2000,8.09,8.0
BOL,2000,8.37,4.0
YEM,2000,8.51,5.0
LAO,2000,8.65,4.0
MKD,2000,8.66,9.0
MLI,2000,8.78,5.0
LBR,2000,8.79,3.0
NGA,2000,9.18,3.0
ARG,2000,9.2,8.0
NER,2000,9.51,5.0
GIN,2000,9.73,5.0
GHA,2000,9.75,3.0
SYC,2000,9.76,5.0
